,ciudad,lat,lon,contador_palabras
0,Bogotá,4.649178,-74.062827,33
1,Bogotá,4.649178,-74.062827,25
2,Bogotá,4.649178,-74.062827,15
3,Bogotá,4.649178,-74.062827,15
4,Bogotá,4.649178,-74.062827,5
5,Bogotá,4.649178,-74.062827,49
6,Bogotá,4.649178,-74.062827,12
7,Bogotá,4.649178,-74.062827,20
8,Bogotá,4.649178,-74.062827,11
9,Bogotá,4.649178,-74.062827,38
10,Bogotá,4.649178,-74.062827,6
11,Bogotá,4.649178,-74.062827,28
12,Bogotá,4.649178,-74.062827,16
13,Bogotá,4.649178,-74.062827,31
14,Bogotá,4.649178,-74.062827,20
15,Bogotá,4.649178,-74.062827,41
16,Bogotá,4.649178,-74.062827,15
17,Bogotá,4.649178,-74.062827,9
18,Bogotá,4.649178,-74.062827,3
19,Bogotá,4.649178,-74.062827,20
20,Bogotá,4.649178,-74.062827,6
21,Bogotá,4.649178,-74.062827,27
22,Bogotá,4.649178,-74.062827,19
23,Bogotá,4.649178,-74.062827,3
24,Bogotá,4.649178,-74.062827,26
25,Bogotá,4.649178,-74.062827,10
26,Bogotá,4.649178,-74.062827,33
27,Bogotá,4.649178,-74.062827,18
28,Bogotá,4.649178,-74.062827,5
29,Bogotá,4.649178,-74.062827,38
30,Bogotá,4.649178,-74.062827,18
31,Bogotá,4.649178,-74.062827,23
32,Bogotá,4.649178,-74.062827,8
33,Bogotá,4.649178,-74.062827,37
34,Bogotá,4.649178,-74.062827,26
35,Bogotá,4.649178,-74.062827,40
36,Bogotá,4.649178,-74.062827,28
37,Bogotá,4.649178,-74.062827,24
38,Bogotá,4.649178,-74.062827,29
39,Bogotá,4.649178,-74.062827,13
40,Bogotá,4.649178,-74.062827,20
41,Bogotá,4.649178,-74.062827,40
42,Bogotá,4.649178,-74.062827,12
43,Bogotá,4.649178,-74.062827,9
44,Bogotá,4.649178,-74.062827,34
45,Bogotá,4.649178,-74.062827,8
46,Bogotá,4.649178,-74.062827,19
47,Bogotá,4.649178,-74.062827,27
48,Bogotá,4.649178,-74.062827,45
49,Bogotá,4.649178,-74.062827,13
50,Bogotá,4.649178,-74.062827,10
51,Bogotá,4.649178,-74.062827,16
52,Bogotá,4.649178,-74.062827,6
53,Bogotá,4.649178,-74.062827,16
54,Bogotá,4.649178,-74.062827,6
55,Bogotá,4.649178,-74.062827,21
56,Bogotá,4.649178,-74.062827,11
57,Bogotá,4.649178,-74.062827,5
58,Bogotá,4.649178,-74.062827,24
59,Bogotá,4.649178,-74.062827,10
60,Bogotá,4.649178,-74.062827,12
61,Bogotá,4.649178,-74.062827,12
62,Bogotá,4.649178,-74.062827,24
63,Bogotá,4.649178,-74.062827,13
64,Bogotá,4.649178,-74.062827,25
65,Bogotá,4.649178,-74.062827,40
66,Bogotá,4.649178,-74.062827,44
67,Bogotá,4.649178,-74.062827,9
68,Bogotá,4.649178,-74.062827,19
69,Bogotá,4.649178,-74.062827,33
70,Bogotá,4.649178,-74.062827,13
71,Bogotá,4.649178,-74.062827,14
72,Bogotá,4.649178,-74.062827,19
73,Bogotá,4.649178,-74.062827,35
74,Bogotá,4.649178,-74.062827,3
75,Bogotá,4.649178,-74.062827,21
76,Bogotá,4.649178,-74.062827,10
77,Bogotá,4.649178,-74.062827,14
78,Bogotá,4.649178,-74.062827,36
79,Bogotá,4.649178,-74.062827,21
80,Bogotá,4.649178,-74.062827,16
81,Bogotá,4.649178,-74.062827,24
82,Bogotá,4.649178,-74.062827,20
83,Bogotá,4.649178,-74.062827,3
84,Bogotá,4.649178,-74.062827,23
85,Bogotá,4.649178,-74.062827,9
86,Bogotá,4.649178,-74.062827,28
87,Bogotá,4.649178,-74.062827,18
88,Bogotá,4.649178,-74.062827,16
89,Bogotá,4.649178,-74.062827,35
90,Bogotá,4.649178,-74.062827,20
91,Bogotá,4.649178,-74.062827,36
92,Bogotá,4.649178,-74.062827,26
93,Bogotá,4.649178,-74.062827,13
94,Bogotá,4.649178,-74.062827,41
95,Bogotá,4.649178,-74.062827,17
96,Bogotá,4.649178,-74.062827,27
97,Bogotá,4.649178,-74.062827,21
98,Bogotá,4.649178,-74.062827,5
99,Bogotá,4.649178,-74.062827,14
100,Medellín,6.2518400000000005,-75.563591,48
101,Medellín,6.2518400000000005,-75.563591,17
102,Medellín,6.2518400000000005,-75.563591,16
103,Medellín,6.2518400000000005,-75.563591,7
104,Medellín,6.2518400000000005,-75.563591,34
105,Medellín,6.2518400000000005,-75.563591,39
106,Medellín,6.2518400000000005,-75.563591,26
107,Medellín,6.2518400000000005,-75.563591,36
108,Medellín,6.2518400000000005,-75.563591,10
109,Medellín,6.2518400000000005,-75.563591,37
110,Medellín,6.2518400000000005,-75.563591,17
111,Medellín,6.2518400000000005,-75.563591,15
112,Medellín,6.2518400000000005,-75.563591,24
113,Medellín,6.2518400000000005,-75.563591,10
114,Medellín,6.2518400000000005,-75.563591,33
115,Medellín,6.2518400000000005,-75.563591,6
116,Medellín,6.2518400000000005,-75.563591,16
117,Medellín,6.2518400000000005,-75.563591,22
118,Medellín,6.2518400000000005,-75.563591,13
119,Medellín,6.2518400000000005,-75.563591,34
120,Medellín,6.2518400000000005,-75.563591,34
121,Medellín,6.2518400000000005,-75.563591,6
122,Medellín,6.2518400000000005,-75.563591,10
123,Medellín,6.2518400000000005,-75.563591,12
124,Medellín,6.2518400000000005,-75.563591,22
125,Medellín,6.2518400000000005,-75.563591,27
126,Medellín,6.2518400000000005,-75.563591,36
127,Medellín,6.2518400000000005,-75.563591,39
128,Medellín,6.2518400000000005,-75.563591,18
129,Medellín,6.2518400000000005,-75.563591,8
130,Medellín,6.2518400000000005,-75.563591,11
131,Medellín,6.2518400000000005,-75.563591,15
132,Medellín,6.2518400000000005,-75.563591,5
133,Medellín,6.2518400000000005,-75.563591,14
134,Medellín,6.2518400000000005,-75.563591,52
135,Medellín,6.2518400000000005,-75.563591,9
136,Medellín,6.2518400000000005,-75.563591,47
137,Medellín,6.2518400000000005,-75.563591,7
138,Medellín,6.2518400000000005,-75.563591,23
139,Medellín,6.2518400000000005,-75.563591,18
140,Medellín,6.2518400000000005,-75.563591,13
141,Medellín,6.2518400000000005,-75.563591,12
142,Medellín,6.2518400000000005,-75.563591,16
143,Medellín,6.2518400000000005,-75.563591,12
144,Medellín,6.2518400000000005,-75.563591,11
145,Medellín,6.2518400000000005,-75.563591,10
146,Medellín,6.2518400000000005,-75.563591,12
147,Medellín,6.2518400000000005,-75.563591,36
148,Medellín,6.2518400000000005,-75.563591,15
149,Medellín,6.2518400000000005,-75.563591,31
150,Medellín,6.2518400000000005,-75.563591,17
151,Medellín,6.2518400000000005,-75.563591,6
152,Medellín,6.2518400000000005,-75.563591,26
153,Medellín,6.2518400000000005,-75.563591,27
154,Medellín,6.2518400000000005,-75.563591,17
155,Medellín,6.2518400000000005,-75.563591,10
156,Medellín,6.2518400000000005,-75.563591,34
157,Medellín,6.2518400000000005,-75.563591,40
158,Medellín,6.2518400000000005,-75.563591,25
159,Medellín,6.2518400000000005,-75.563591,13
160,Medellín,6.2518400000000005,-75.563591,14
161,Medellín,6.2518400000000005,-75.563591,15
162,Medellín,6.2518400000000005,-75.563591,10
163,Medellín,6.2518400000000005,-75.563591,6
164,Medellín,6.2518400000000005,-75.563591,9
165,Medellín,6.2518400000000005,-75.563591,32
166,Medellín,6.2518400000000005,-75.563591,38
167,Medellín,6.2518400000000005,-75.563591,13
168,Medellín,6.2518400000000005,-75.563591,23
169,Medellín,6.2518400000000005,-75.563591,37
170,Medellín,6.2518400000000005,-75.563591,27
171,Medellín,6.2518400000000005,-75.563591,33
172,Medellín,6.2518400000000005,-75.563591,10
173,Medellín,6.2518400000000005,-75.563591,38
174,Medellín,6.2518400000000005,-75.563591,25
175,Medellín,6.2518400000000005,-75.563591,26
176,Medellín,6.2518400000000005,-75.563591,16
177,Medellín,6.2518400000000005,-75.563591,21
178,Medellín,6.2518400000000005,-75.563591,37
179,Medellín,6.2518400000000005,-75.563591,5
180,Medellín,6.2518400000000005,-75.563591,9
181,Medellín,6.2518400000000005,-75.563591,5
182,Medellín,6.2518400000000005,-75.563591,12
183,Medellín,6.2518400000000005,-75.563591,24
184,Medellín,6.2518400000000005,-75.563591,20
185,Medellín,6.2518400000000005,-75.563591,26
186,Medellín,6.2518400000000005,-75.563591,7
187,Medellín,6.2518400000000005,-75.563591,4
188,Medellín,6.2518400000000005,-75.563591,12
189,Medellín,6.2518400000000005,-75.563591,15
190,Medellín,6.2518400000000005,-75.563591,31
191,Medellín,6.2518400000000005,-75.563591,11
192,Medellín,6.2518400000000005,-75.563591,15
193,Medellín,6.2518400000000005,-75.563591,20
194,Medellín,6.2518400000000005,-75.563591,30
195,Medellín,6.2518400000000005,-75.563591,32
196,Medellín,6.2518400000000005,-75.563591,21
197,Medellín,6.2518400000000005,-75.563591,19
198,Medellín,6.2518400000000005,-75.563591,25
199,Medellín,6.2518400000000005,-75.563591,19
200,Cali,3.437222,-76.5225,27
201,Cali,3.437222,-76.5225,11
202,Cali,3.437222,-76.5225,24
203,Cali,3.437222,-76.5225,24
204,Cali,3.437222,-76.5225,19
205,Cali,3.437222,-76.5225,18
206,Cali,3.437222,-76.5225,29
207,Cali,3.437222,-76.5225,27
208,Cali,3.437222,-76.5225,45
209,Cali,3.437222,-76.5225,14
210,Cali,3.437222,-76.5225,19
211,Cali,3.437222,-76.5225,8
212,Cali,3.437222,-76.5225,11
213,Cali,3.437222,-76.5225,9
214,Cali,3.437222,-76.5225,20
215,Cali,3.437222,-76.5225,46
216,Cali,3.437222,-76.5225,11
217,Cali,3.437222,-76.5225,22
218,Cali,3.437222,-76.5225,21
219,Cali,3.437222,-76.5225,23
220,Cali,3.437222,-76.5225,6
221,Cali,3.437222,-76.5225,8
222,Cali,3.437222,-76.5225,36
223,Cali,3.437222,-76.5225,39
224,Cali,3.437222,-76.5225,38
225,Cali,3.437222,-76.5225,46
226,Cali,3.437222,-76.5225,42
227,Cali,3.437222,-76.5225,13
228,Cali,3.437222,-76.5225,27
229,Cali,3.437222,-76.5225,8
230,Cali,3.437222,-76.5225,24
231,Cali,3.437222,-76.5225,14
232,Cali,3.437222,-76.5225,9
233,Cali,3.437222,-76.5225,37
234,Cali,3.437222,-76.5225,25
235,Cali,3.437222,-76.5225,36
236,Cali,3.437222,-76.5225,26
237,Cali,3.437222,-76.5225,17
238,Cali,3.437222,-76.5225,21
239,Cali,3.437222,-76.5225,16
240,Cali,3.437222,-76.5225,27
241,Cali,3.437222,-76.5225,29
242,Cali,3.437222,-76.5225,33
243,Cali,3.437222,-76.5225,19
244,Cali,3.437222,-76.5225,17
245,Cali,3.437222,-76.5225,9
246,Cali,3.437222,-76.5225,16
247,Cali,3.437222,-76.5225,27
248,Cali,3.437222,-76.5225,12
249,Cali,3.437222,-76.5225,7
250,Cali,3.437222,-76.5225,28
251,Cali,3.437222,-76.5225,15
252,Cali,3.437222,-76.5225,11
253,Cali,3.437222,-76.5225,15
254,Cali,3.437222,-76.5225,17
255,Cali,3.437222,-76.5225,12
256,Cali,3.437222,-76.5225,23
257,Cali,3.437222,-76.5225,27
258,Cali,3.437222,-76.5225,14
259,Cali,3.437222,-76.5225,18
260,Cali,3.437222,-76.5225,17
261,Cali,3.437222,-76.5225,19
262,Cali,3.437222,-76.5225,23
263,Cali,3.437222,-76.5225,17
264,Cali,3.437222,-76.5225,23
265,Cali,3.437222,-76.5225,40
266,Cali,3.437222,-76.5225,35
267,Cali,3.437222,-76.5225,34
268,Cali,3.437222,-76.5225,5
269,Cali,3.437222,-76.5225,21
270,Cali,3.437222,-76.5225,18
271,Cali,3.437222,-76.5225,34
272,Cali,3.437222,-76.5225,8
273,Cali,3.437222,-76.5225,45
274,Cali,3.437222,-76.5225,41
275,Cali,3.437222,-76.5225,7
276,Cali,3.437222,-76.5225,21
277,Cali,3.437222,-76.5225,12
278,Cali,3.437222,-76.5225,20
279,Cali,3.437222,-76.5225,41
280,Cali,3.437222,-76.5225,14
281,Cali,3.437222,-76.5225,20
282,Cali,3.437222,-76.5225,35
283,Cali,3.437222,-76.5225,14
284,Cali,3.437222,-76.5225,29
285,Cali,3.437222,-76.5225,17
286,Cali,3.437222,-76.5225,8
287,Cali,3.437222,-76.5225,15
288,Cali,3.437222,-76.5225,38
289,Cali,3.437222,-76.5225,4
290,Cali,3.437222,-76.5225,11
291,Cali,3.437222,-76.5225,12
292,Cali,3.437222,-76.5225,44
293,Cali,3.437222,-76.5225,32
294,Cali,3.437222,-76.5225,9
295,Cali,3.437222,-76.5225,8
296,Cali,3.437222,-76.5225,47
297,Cali,3.437222,-76.5225,13
298,Cali,3.437222,-76.5225,13
299,Cali,3.437222,-76.5225,17
300,Barranquilla,10.963889,-74.796389,49
301,Barranquilla,10.963889,-74.796389,41
302,Barranquilla,10.963889,-74.796389,26
303,Barranquilla,10.963889,-74.796389,32
304,Barranquilla,10.963889,-74.796389,14
305,Barranquilla,10.963889,-74.796389,19
306,Barranquilla,10.963889,-74.796389,34
307,Barranquilla,10.963889,-74.796389,22
308,Barranquilla,10.963889,-74.796389,15
309,Barranquilla,10.963889,-74.796389,17
310,Barranquilla,10.963889,-74.796389,1
311,Barranquilla,10.963889,-74.796389,11
312,Barranquilla,10.963889,-74.796389,17
313,Barranquilla,10.963889,-74.796389,18
314,Barranquilla,10.963889,-74.796389,11
315,Barranquilla,10.963889,-74.796389,20
316,Barranquilla,10.963889,-74.796389,10
317,Barranquilla,10.963889,-74.796389,13
318,Barranquilla,10.963889,-74.796389,26
319,Barranquilla,10.963889,-74.796389,10
320,Barranquilla,10.963889,-74.796389,17
321,Barranquilla,10.963889,-74.796389,26
322,Barranquilla,10.963889,-74.796389,9
323,Barranquilla,10.963889,-74.796389,19
324,Barranquilla,10.963889,-74.796389,44
325,Barranquilla,10.963889,-74.796389,18
326,Barranquilla,10.963889,-74.796389,20
327,Barranquilla,10.963889,-74.796389,11
328,Barranquilla,10.963889,-74.796389,7
329,Barranquilla,10.963889,-74.796389,20
330,Barranquilla,10.963889,-74.796389,26
331,Barranquilla,10.963889,-74.796389,23
332,Barranquilla,10.963889,-74.796389,15
333,Barranquilla,10.963889,-74.796389,10
334,Barranquilla,10.963889,-74.796389,22
335,Barranquilla,10.963889,-74.796389,10
336,Barranquilla,10.963889,-74.796389,18
337,Barranquilla,10.963889,-74.796389,10
338,Barranquilla,10.963889,-74.796389,19
339,Barranquilla,10.963889,-74.796389,20
340,Barranquilla,10.963889,-74.796389,19
341,Barranquilla,10.963889,-74.796389,13
342,Barranquilla,10.963889,-74.796389,22
343,Barranquilla,10.963889,-74.796389,11
344,Barranquilla,10.963889,-74.796389,16
345,Barranquilla,10.963889,-74.796389,23
346,Barranquilla,10.963889,-74.796389,22
347,Barranquilla,10.963889,-74.796389,11
348,Barranquilla,10.963889,-74.796389,7
349,Barranquilla,10.963889,-74.796389,16
350,Barranquilla,10.963889,-74.796389,14
351,Barranquilla,10.963889,-74.796389,3
352,Barranquilla,10.963889,-74.796389,11
353,Barranquilla,10.963889,-74.796389,27
354,Barranquilla,10.963889,-74.796389,42
355,Barranquilla,10.963889,-74.796389,8
356,Barranquilla,10.963889,-74.796389,12
357,Barranquilla,10.963889,-74.796389,4
358,Barranquilla,10.963889,-74.796389,12
359,Barranquilla,10.963889,-74.796389,20
360,Barranquilla,10.963889,-74.796389,37
361,Barranquilla,10.963889,-74.796389,7
362,Barranquilla,10.963889,-74.796389,15
363,Barranquilla,10.963889,-74.796389,27
364,Barranquilla,10.963889,-74.796389,15
365,Barranquilla,10.963889,-74.796389,11
366,Barranquilla,10.963889,-74.796389,19
367,Barranquilla,10.963889,-74.796389,19
368,Barranquilla,10.963889,-74.796389,8
369,Barranquilla,10.963889,-74.796389,6
370,Barranquilla,10.963889,-74.796389,35
371,Barranquilla,10.963889,-74.796389,36
372,Barranquilla,10.963889,-74.796389,44
373,Barranquilla,10.963889,-74.796389,14
374,Barranquilla,10.963889,-74.796389,14
375,Barranquilla,10.963889,-74.796389,39
376,Barranquilla,10.963889,-74.796389,36
377,Barranquilla,10.963889,-74.796389,24
378,Barranquilla,10.963889,-74.796389,2
379,Barranquilla,10.963889,-74.796389,23
380,Barranquilla,10.963889,-74.796389,12
381,Barranquilla,10.963889,-74.796389,11
382,Barranquilla,10.963889,-74.796389,23
383,Barranquilla,10.963889,-74.796389,21
384,Barranquilla,10.963889,-74.796389,13
385,Barranquilla,10.963889,-74.796389,31
386,Barranquilla,10.963889,-74.796389,10
387,Barranquilla,10.963889,-74.796389,6
388,Barranquilla,10.963889,-74.796389,37
389,Barranquilla,10.963889,-74.796389,26
390,Barranquilla,10.963889,-74.796389,34
391,Barranquilla,10.963889,-74.796389,16
392,Barranquilla,10.963889,-74.796389,31
393,Barranquilla,10.963889,-74.796389,16
394,Barranquilla,10.963889,-74.796389,14
395,Barranquilla,10.963889,-74.796389,7
396,Barranquilla,10.963889,-74.796389,43
397,Barranquilla,10.963889,-74.796389,16
398,Barranquilla,10.963889,-74.796389,12
399,Barranquilla,10.963889,-74.796389,23
400,Bucaramanga,7.125392999999999,-73.119804,3
401,Bucaramanga,7.125392999999999,-73.119804,17
402,Bucaramanga,7.125392999999999,-73.119804,4
403,Bucaramanga,7.125392999999999,-73.119804,16
404,Bucaramanga,7.125392999999999,-73.119804,38
405,Bucaramanga,7.125392999999999,-73.119804,12
406,Bucaramanga,7.125392999999999,-73.119804,21
407,Bucaramanga,7.125392999999999,-73.119804,14
408,Bucaramanga,7.125392999999999,-73.119804,10
409,Bucaramanga,7.125392999999999,-73.119804,33
410,Bucaramanga,7.125392999999999,-73.119804,9
411,Bucaramanga,7.125392999999999,-73.119804,11
412,Bucaramanga,7.125392999999999,-73.119804,6
413,Bucaramanga,7.125392999999999,-73.119804,24
414,Bucaramanga,7.125392999999999,-73.119804,24
415,Bucaramanga,7.125392999999999,-73.119804,21
416,Bucaramanga,7.125392999999999,-73.119804,23
417,Bucaramanga,7.125392999999999,-73.119804,21
418,Bucaramanga,7.125392999999999,-73.119804,16
419,Bucaramanga,7.125392999999999,-73.119804,17
420,Bucaramanga,7.125392999999999,-73.119804,17
421,Bucaramanga,7.125392999999999,-73.119804,40
422,Bucaramanga,7.125392999999999,-73.119804,21
423,Bucaramanga,7.125392999999999,-73.119804,39
424,Bucaramanga,7.125392999999999,-73.119804,15
425,Bucaramanga,7.125392999999999,-73.119804,36
426,Bucaramanga,7.125392999999999,-73.119804,24
427,Bucaramanga,7.125392999999999,-73.119804,33
428,Bucaramanga,7.125392999999999,-73.119804,12
429,Bucaramanga,7.125392999999999,-73.119804,21
430,Bucaramanga,7.125392999999999,-73.119804,31
431,Bucaramanga,7.125392999999999,-73.119804,17
432,Bucaramanga,7.125392999999999,-73.119804,36
433,Bucaramanga,7.125392999999999,-73.119804,25
434,Bucaramanga,7.125392999999999,-73.119804,9
435,Bucaramanga,7.125392999999999,-73.119804,22
436,Bucaramanga,7.125392999999999,-73.119804,19
437,Bucaramanga,7.125392999999999,-73.119804,18
438,Bucaramanga,7.125392999999999,-73.119804,24
439,Bucaramanga,7.125392999999999,-73.119804,17
440,Bucaramanga,7.125392999999999,-73.119804,11
441,Bucaramanga,7.125392999999999,-73.119804,8
442,Bucaramanga,7.125392999999999,-73.119804,10
443,Bucaramanga,7.125392999999999,-73.119804,17
444,Bucaramanga,7.125392999999999,-73.119804,16
445,Bucaramanga,7.125392999999999,-73.119804,31
446,Bucaramanga,7.125392999999999,-73.119804,46
447,Bucaramanga,7.125392999999999,-73.119804,38
448,Bucaramanga,7.125392999999999,-73.119804,29
449,Bucaramanga,7.125392999999999,-73.119804,35
450,Bucaramanga,7.125392999999999,-73.119804,24
451,Bucaramanga,7.125392999999999,-73.119804,24
452,Bucaramanga,7.125392999999999,-73.119804,15
453,Bucaramanga,7.125392999999999,-73.119804,41
454,Bucaramanga,7.125392999999999,-73.119804,12
455,Bucaramanga,7.125392999999999,-73.119804,28
456,Bucaramanga,7.125392999999999,-73.119804,30
457,Bucaramanga,7.125392999999999,-73.119804,16
458,Bucaramanga,7.125392999999999,-73.119804,34
459,Bucaramanga,7.125392999999999,-73.119804,13
460,Bucaramanga,7.125392999999999,-73.119804,12
461,Bucaramanga,7.125392999999999,-73.119804,16
462,Bucaramanga,7.125392999999999,-73.119804,9
463,Bucaramanga,7.125392999999999,-73.119804,16
464,Bucaramanga,7.125392999999999,-73.119804,4
465,Bucaramanga,7.125392999999999,-73.119804,17
466,Bucaramanga,7.125392999999999,-73.119804,36
467,Bucaramanga,7.125392999999999,-73.119804,28
468,Bucaramanga,7.125392999999999,-73.119804,35
469,Bucaramanga,7.125392999999999,-73.119804,11
470,Bucaramanga,7.125392999999999,-73.119804,11
471,Bucaramanga,7.125392999999999,-73.119804,44
472,Bucaramanga,7.125392999999999,-73.119804,18
473,Bucaramanga,7.125392999999999,-73.119804,15
474,Bucaramanga,7.125392999999999,-73.119804,17
475,Bucaramanga,7.125392999999999,-73.119804,39
476,Bucaramanga,7.125392999999999,-73.119804,43
477,Bucaramanga,7.125392999999999,-73.119804,23
478,Bucaramanga,7.125392999999999,-73.119804,39
479,Bucaramanga,7.125392999999999,-73.119804,10
480,Bucaramanga,7.125392999999999,-73.119804,32
481,Bucaramanga,7.125392999999999,-73.119804,23
482,Bucaramanga,7.125392999999999,-73.119804,14
483,Bucaramanga,7.125392999999999,-73.119804,24
484,Bucaramanga,7.125392999999999,-73.119804,11
485,Bucaramanga,7.125392999999999,-73.119804,13
486,Bucaramanga,7.125392999999999,-73.119804,17
487,Bucaramanga,7.125392999999999,-73.119804,11
488,Bucaramanga,7.125392999999999,-73.119804,22
489,Bucaramanga,7.125392999999999,-73.119804,29
490,Bucaramanga,7.125392999999999,-73.119804,28
491,Bucaramanga,7.125392999999999,-73.119804,20
492,Bucaramanga,7.125392999999999,-73.119804,16
493,Bucaramanga,7.125392999999999,-73.119804,14
494,Bucaramanga,7.125392999999999,-73.119804,32
495,Bucaramanga,7.125392999999999,-73.119804,24
496,Bucaramanga,7.125392999999999,-73.119804,27
497,Bucaramanga,7.125392999999999,-73.119804,19
498,Bucaramanga,7.125392999999999,-73.119804,12
499,Bucaramanga,7.125392999999999,-73.119804,28
500,Cartagena,10.399722,-75.514444,26
501,Cartagena,10.399722,-75.514444,32
502,Cartagena,10.399722,-75.514444,14
503,Cartagena,10.399722,-75.514444,19
504,Cartagena,10.399722,-75.514444,34
505,Cartagena,10.399722,-75.514444,22
506,Cartagena,10.399722,-75.514444,15
507,Cartagena,10.399722,-75.514444,17
508,Cartagena,10.399722,-75.514444,1
509,Cartagena,10.399722,-75.514444,17
510,Cartagena,10.399722,-75.514444,18
511,Cartagena,10.399722,-75.514444,11
512,Cartagena,10.399722,-75.514444,20
513,Cartagena,10.399722,-75.514444,10
514,Cartagena,10.399722,-75.514444,13
515,Cartagena,10.399722,-75.514444,26
516,Cartagena,10.399722,-75.514444,10
517,Cartagena,10.399722,-75.514444,26
518,Cartagena,10.399722,-75.514444,9
519,Cartagena,10.399722,-75.514444,19
520,Cartagena,10.399722,-75.514444,18
521,Cartagena,10.399722,-75.514444,20
522,Cartagena,10.399722,-75.514444,7
523,Cartagena,10.399722,-75.514444,20
524,Cartagena,10.399722,-75.514444,26
525,Cartagena,10.399722,-75.514444,23
526,Cartagena,10.399722,-75.514444,15
527,Cartagena,10.399722,-75.514444,10
528,Cartagena,10.399722,-75.514444,22
529,Cartagena,10.399722,-75.514444,10
530,Cartagena,10.399722,-75.514444,10
531,Cartagena,10.399722,-75.514444,19
532,Cartagena,10.399722,-75.514444,20
533,Cartagena,10.399722,-75.514444,19
534,Cartagena,10.399722,-75.514444,22
535,Cartagena,10.399722,-75.514444,16
536,Cartagena,10.399722,-75.514444,23
537,Cartagena,10.399722,-75.514444,22
538,Cartagena,10.399722,-75.514444,3
539,Cartagena,10.399722,-75.514444,11
540,Cartagena,10.399722,-75.514444,8
541,Cartagena,10.399722,-75.514444,12
542,Cartagena,10.399722,-75.514444,12
543,Cartagena,10.399722,-75.514444,20
544,Cartagena,10.399722,-75.514444,37
545,Cartagena,10.399722,-75.514444,7
546,Cartagena,10.399722,-75.514444,15
547,Cartagena,10.399722,-75.514444,27
548,Cartagena,10.399722,-75.514444,19
549,Cartagena,10.399722,-75.514444,19
550,Cartagena,10.399722,-75.514444,8
551,Cartagena,10.399722,-75.514444,6
552,Cartagena,10.399722,-75.514444,36
553,Cartagena,10.399722,-75.514444,14
554,Cartagena,10.399722,-75.514444,24
555,Cartagena,10.399722,-75.514444,2
556,Cartagena,10.399722,-75.514444,23
557,Cartagena,10.399722,-75.514444,12
558,Cartagena,10.399722,-75.514444,11
559,Cartagena,10.399722,-75.514444,23
560,Cartagena,10.399722,-75.514444,13
561,Cartagena,10.399722,-75.514444,31
562,Cartagena,10.399722,-75.514444,10
563,Cartagena,10.399722,-75.514444,6
564,Cartagena,10.399722,-75.514444,37
565,Cartagena,10.399722,-75.514444,26
566,Cartagena,10.399722,-75.514444,16
567,Cartagena,10.399722,-75.514444,31
568,Cartagena,10.399722,-75.514444,16
569,Cartagena,10.399722,-75.514444,14
570,Cartagena,10.399722,-75.514444,7
571,Cartagena,10.399722,-75.514444,43
572,Cartagena,10.399722,-75.514444,16
573,Cartagena,10.399722,-75.514444,12
574,Cartagena,10.399722,-75.514444,23
575,Cartagena,10.399722,-75.514444,14
576,Cartagena,10.399722,-75.514444,6
577,Cartagena,10.399722,-75.514444,8
578,Cartagena,10.399722,-75.514444,8
579,Cartagena,10.399722,-75.514444,23
580,Cartagena,10.399722,-75.514444,7
581,Cartagena,10.399722,-75.514444,15
582,Cartagena,10.399722,-75.514444,15
583,Cartagena,10.399722,-75.514444,7
584,Cartagena,10.399722,-75.514444,14
585,Cartagena,10.399722,-75.514444,12
586,Cartagena,10.399722,-75.514444,38
587,Cartagena,10.399722,-75.514444,14
588,Cartagena,10.399722,-75.514444,11
589,Cartagena,10.399722,-75.514444,13
590,Cartagena,10.399722,-75.514444,45
591,Cartagena,10.399722,-75.514444,41
592,Cartagena,10.399722,-75.514444,41
593,Cartagena,10.399722,-75.514444,14
594,Cartagena,10.399722,-75.514444,7
595,Cartagena,10.399722,-75.514444,14
596,Cartagena,10.399722,-75.514444,14
597,Cartagena,10.399722,-75.514444,30
598,Cartagena,10.399722,-75.514444,13
599,Cartagena,10.399722,-75.514444,23
600,Cúcuta,7.8939070000000005,-72.50782099999998,12
601,Cúcuta,7.8939070000000005,-72.50782099999998,4
602,Cúcuta,7.8939070000000005,-72.50782099999998,16
603,Cúcuta,7.8939070000000005,-72.50782099999998,11
604,Cúcuta,7.8939070000000005,-72.50782099999998,27
605,Cúcuta,7.8939070000000005,-72.50782099999998,46
606,Cúcuta,7.8939070000000005,-72.50782099999998,16
607,Cúcuta,7.8939070000000005,-72.50782099999998,33
608,Cúcuta,7.8939070000000005,-72.50782099999998,13
609,Cúcuta,7.8939070000000005,-72.50782099999998,9
610,Cúcuta,7.8939070000000005,-72.50782099999998,9
611,Cúcuta,7.8939070000000005,-72.50782099999998,15
612,Cúcuta,7.8939070000000005,-72.50782099999998,33
613,Cúcuta,7.8939070000000005,-72.50782099999998,11
614,Cúcuta,7.8939070000000005,-72.50782099999998,11
615,Cúcuta,7.8939070000000005,-72.50782099999998,41
616,Cúcuta,7.8939070000000005,-72.50782099999998,38
617,Cúcuta,7.8939070000000005,-72.50782099999998,7
618,Cúcuta,7.8939070000000005,-72.50782099999998,8
619,Cúcuta,7.8939070000000005,-72.50782099999998,11
620,Cúcuta,7.8939070000000005,-72.50782099999998,4
621,Cúcuta,7.8939070000000005,-72.50782099999998,30
622,Cúcuta,7.8939070000000005,-72.50782099999998,16
623,Cúcuta,7.8939070000000005,-72.50782099999998,36
624,Cúcuta,7.8939070000000005,-72.50782099999998,12
625,Cúcuta,7.8939070000000005,-72.50782099999998,40
626,Cúcuta,7.8939070000000005,-72.50782099999998,13
627,Cúcuta,7.8939070000000005,-72.50782099999998,13
628,Cúcuta,7.8939070000000005,-72.50782099999998,22
629,Cúcuta,7.8939070000000005,-72.50782099999998,15
630,Cúcuta,7.8939070000000005,-72.50782099999998,31
631,Cúcuta,7.8939070000000005,-72.50782099999998,31
632,Cúcuta,7.8939070000000005,-72.50782099999998,39
633,Cúcuta,7.8939070000000005,-72.50782099999998,4
634,Cúcuta,7.8939070000000005,-72.50782099999998,8
635,Cúcuta,7.8939070000000005,-72.50782099999998,41
636,Cúcuta,7.8939070000000005,-72.50782099999998,9
637,Cúcuta,7.8939070000000005,-72.50782099999998,25
638,Cúcuta,7.8939070000000005,-72.50782099999998,17
639,Cúcuta,7.8939070000000005,-72.50782099999998,11
640,Cúcuta,7.8939070000000005,-72.50782099999998,21
641,Cúcuta,7.8939070000000005,-72.50782099999998,11
642,Cúcuta,7.8939070000000005,-72.50782099999998,34
643,Cúcuta,7.8939070000000005,-72.50782099999998,13
644,Cúcuta,7.8939070000000005,-72.50782099999998,8
645,Cúcuta,7.8939070000000005,-72.50782099999998,22
646,Cúcuta,7.8939070000000005,-72.50782099999998,16
647,Cúcuta,7.8939070000000005,-72.50782099999998,21
648,Cúcuta,7.8939070000000005,-72.50782099999998,6
649,Cúcuta,7.8939070000000005,-72.50782099999998,22
650,Cúcuta,7.8939070000000005,-72.50782099999998,30
651,Cúcuta,7.8939070000000005,-72.50782099999998,6
652,Cúcuta,7.8939070000000005,-72.50782099999998,13
653,Cúcuta,7.8939070000000005,-72.50782099999998,34
654,Cúcuta,7.8939070000000005,-72.50782099999998,10
655,Cúcuta,7.8939070000000005,-72.50782099999998,13
656,Cúcuta,7.8939070000000005,-72.50782099999998,29
657,Cúcuta,7.8939070000000005,-72.50782099999998,29
658,Cúcuta,7.8939070000000005,-72.50782099999998,17
659,Cúcuta,7.8939070000000005,-72.50782099999998,20
660,Cúcuta,7.8939070000000005,-72.50782099999998,49
661,Cúcuta,7.8939070000000005,-72.50782099999998,39
662,Cúcuta,7.8939070000000005,-72.50782099999998,6
663,Cúcuta,7.8939070000000005,-72.50782099999998,20
664,Cúcuta,7.8939070000000005,-72.50782099999998,41
665,Cúcuta,7.8939070000000005,-72.50782099999998,47
666,Cúcuta,7.8939070000000005,-72.50782099999998,10
667,Cúcuta,7.8939070000000005,-72.50782099999998,5
668,Cúcuta,7.8939070000000005,-72.50782099999998,34
669,Cúcuta,7.8939070000000005,-72.50782099999998,28
670,Cúcuta,7.8939070000000005,-72.50782099999998,11
671,Cúcuta,7.8939070000000005,-72.50782099999998,11
672,Cúcuta,7.8939070000000005,-72.50782099999998,26
673,Cúcuta,7.8939070000000005,-72.50782099999998,16
674,Cúcuta,7.8939070000000005,-72.50782099999998,22
675,Cúcuta,7.8939070000000005,-72.50782099999998,37
676,Cúcuta,7.8939070000000005,-72.50782099999998,10
677,Cúcuta,7.8939070000000005,-72.50782099999998,25
678,Cúcuta,7.8939070000000005,-72.50782099999998,25
679,Cúcuta,7.8939070000000005,-72.50782099999998,9
680,Cúcuta,7.8939070000000005,-72.50782099999998,4
681,Cúcuta,7.8939070000000005,-72.50782099999998,32
682,Cúcuta,7.8939070000000005,-72.50782099999998,25
683,Cúcuta,7.8939070000000005,-72.50782099999998,24
684,Cúcuta,7.8939070000000005,-72.50782099999998,11
685,Cúcuta,7.8939070000000005,-72.50782099999998,31
686,Cúcuta,7.8939070000000005,-72.50782099999998,20
687,Cúcuta,7.8939070000000005,-72.50782099999998,23
688,Cúcuta,7.8939070000000005,-72.50782099999998,23
689,Cúcuta,7.8939070000000005,-72.50782099999998,19
690,Cúcuta,7.8939070000000005,-72.50782099999998,16
691,Cúcuta,7.8939070000000005,-72.50782099999998,28
692,Cúcuta,7.8939070000000005,-72.50782099999998,31
693,Cúcuta,7.8939070000000005,-72.50782099999998,33
694,Cúcuta,7.8939070000000005,-72.50782099999998,21
695,Cúcuta,7.8939070000000005,-72.50782099999998,9
696,Cúcuta,7.8939070000000005,-72.50782099999998,40
697,Cúcuta,7.8939070000000005,-72.50782099999998,52
698,Cúcuta,7.8939070000000005,-72.50782099999998,33
699,Cúcuta,7.8939070000000005,-72.50782099999998,9
700,Pereira,4.813333,-75.696111,41
701,Pereira,4.813333,-75.696111,38
702,Pereira,4.813333,-75.696111,24
703,Pereira,4.813333,-75.696111,20
704,Pereira,4.813333,-75.696111,19
705,Pereira,4.813333,-75.696111,6
706,Pereira,4.813333,-75.696111,25
707,Pereira,4.813333,-75.696111,4
708,Pereira,4.813333,-75.696111,4
709,Pereira,4.813333,-75.696111,19
710,Pereira,4.813333,-75.696111,20
711,Pereira,4.813333,-75.696111,23
712,Pereira,4.813333,-75.696111,13
713,Pereira,4.813333,-75.696111,41
714,Pereira,4.813333,-75.696111,46
715,Pereira,4.813333,-75.696111,7
716,Pereira,4.813333,-75.696111,11
717,Pereira,4.813333,-75.696111,3
718,Pereira,4.813333,-75.696111,23
719,Pereira,4.813333,-75.696111,6
720,Pereira,4.813333,-75.696111,27
721,Pereira,4.813333,-75.696111,15
722,Pereira,4.813333,-75.696111,14
723,Pereira,4.813333,-75.696111,8
724,Pereira,4.813333,-75.696111,12
725,Pereira,4.813333,-75.696111,25
726,Pereira,4.813333,-75.696111,14
727,Pereira,4.813333,-75.696111,10
728,Pereira,4.813333,-75.696111,31
729,Pereira,4.813333,-75.696111,18
730,Pereira,4.813333,-75.696111,23
731,Pereira,4.813333,-75.696111,28
732,Pereira,4.813333,-75.696111,38
733,Pereira,4.813333,-75.696111,23
734,Pereira,4.813333,-75.696111,42
735,Pereira,4.813333,-75.696111,20
736,Pereira,4.813333,-75.696111,21
737,Pereira,4.813333,-75.696111,40
738,Pereira,4.813333,-75.696111,26
739,Pereira,4.813333,-75.696111,35
740,Pereira,4.813333,-75.696111,39
741,Pereira,4.813333,-75.696111,9
742,Pereira,4.813333,-75.696111,29
743,Pereira,4.813333,-75.696111,12
744,Pereira,4.813333,-75.696111,23
745,Pereira,4.813333,-75.696111,46
746,Pereira,4.813333,-75.696111,29
747,Pereira,4.813333,-75.696111,34
748,Pereira,4.813333,-75.696111,19
749,Pereira,4.813333,-75.696111,4
750,Pereira,4.813333,-75.696111,11
751,Pereira,4.813333,-75.696111,16
752,Pereira,4.813333,-75.696111,16
753,Pereira,4.813333,-75.696111,40
754,Pereira,4.813333,-75.696111,22
755,Pereira,4.813333,-75.696111,18
756,Pereira,4.813333,-75.696111,49
757,Pereira,4.813333,-75.696111,44
758,Pereira,4.813333,-75.696111,14
759,Pereira,4.813333,-75.696111,12
760,Pereira,4.813333,-75.696111,15
761,Pereira,4.813333,-75.696111,5
762,Pereira,4.813333,-75.696111,16
763,Pereira,4.813333,-75.696111,16
764,Pereira,4.813333,-75.696111,42
765,Pereira,4.813333,-75.696111,10
766,Pereira,4.813333,-75.696111,17
767,Pereira,4.813333,-75.696111,16
768,Pereira,4.813333,-75.696111,42
769,Pereira,4.813333,-75.696111,21
770,Pereira,4.813333,-75.696111,26
771,Pereira,4.813333,-75.696111,15
772,Pereira,4.813333,-75.696111,27
773,Pereira,4.813333,-75.696111,22
774,Pereira,4.813333,-75.696111,21
775,Pereira,4.813333,-75.696111,8
776,Pereira,4.813333,-75.696111,41
777,Pereira,4.813333,-75.696111,30
778,Pereira,4.813333,-75.696111,30
779,Pereira,4.813333,-75.696111,20
780,Pereira,4.813333,-75.696111,11
781,Pereira,4.813333,-75.696111,20
782,Pereira,4.813333,-75.696111,36
783,Pereira,4.813333,-75.696111,11
784,Pereira,4.813333,-75.696111,41
785,Pereira,4.813333,-75.696111,41
786,Pereira,4.813333,-75.696111,41
787,Pereira,4.813333,-75.696111,45
788,Pereira,4.813333,-75.696111,19
789,Pereira,4.813333,-75.696111,48
790,Pereira,4.813333,-75.696111,18
791,Pereira,4.813333,-75.696111,37
792,Pereira,4.813333,-75.696111,10
793,Pereira,4.813333,-75.696111,18
794,Pereira,4.813333,-75.696111,10
795,Pereira,4.813333,-75.696111,27
796,Pereira,4.813333,-75.696111,51
797,Pereira,4.813333,-75.696111,23
798,Pereira,4.813333,-75.696111,4
799,Pereira,4.813333,-75.696111,8
800,Santa Marta,11.240791,-74.19904,49
801,Santa Marta,11.240791,-74.19904,41
802,Santa Marta,11.240791,-74.19904,26
803,Santa Marta,11.240791,-74.19904,32
804,Santa Marta,11.240791,-74.19904,14
805,Santa Marta,11.240791,-74.19904,19
806,Santa Marta,11.240791,-74.19904,34
807,Santa Marta,11.240791,-74.19904,15
808,Santa Marta,11.240791,-74.19904,17
809,Santa Marta,11.240791,-74.19904,11
810,Santa Marta,11.240791,-74.19904,20
811,Santa Marta,11.240791,-74.19904,13
812,Santa Marta,11.240791,-74.19904,26
813,Santa Marta,11.240791,-74.19904,26
814,Santa Marta,11.240791,-74.19904,9
815,Santa Marta,11.240791,-74.19904,19
816,Santa Marta,11.240791,-74.19904,44
817,Santa Marta,11.240791,-74.19904,11
818,Santa Marta,11.240791,-74.19904,7
819,Santa Marta,11.240791,-74.19904,26
820,Santa Marta,11.240791,-74.19904,23
821,Santa Marta,11.240791,-74.19904,15
822,Santa Marta,11.240791,-74.19904,10
823,Santa Marta,11.240791,-74.19904,22
824,Santa Marta,11.240791,-74.19904,10
825,Santa Marta,11.240791,-74.19904,10
826,Santa Marta,11.240791,-74.19904,19
827,Santa Marta,11.240791,-74.19904,20
828,Santa Marta,11.240791,-74.19904,19
829,Santa Marta,11.240791,-74.19904,22
830,Santa Marta,11.240791,-74.19904,16
831,Santa Marta,11.240791,-74.19904,23
832,Santa Marta,11.240791,-74.19904,22
833,Santa Marta,11.240791,-74.19904,11
834,Santa Marta,11.240791,-74.19904,7
835,Santa Marta,11.240791,-74.19904,3
836,Santa Marta,11.240791,-74.19904,11
837,Santa Marta,11.240791,-74.19904,27
838,Santa Marta,11.240791,-74.19904,8
839,Santa Marta,11.240791,-74.19904,12
840,Santa Marta,11.240791,-74.19904,20
841,Santa Marta,11.240791,-74.19904,37
842,Santa Marta,11.240791,-74.19904,7
843,Santa Marta,11.240791,-74.19904,27
844,Santa Marta,11.240791,-74.19904,11
845,Santa Marta,11.240791,-74.19904,19
846,Santa Marta,11.240791,-74.19904,6
847,Santa Marta,11.240791,-74.19904,35
848,Santa Marta,11.240791,-74.19904,36
849,Santa Marta,11.240791,-74.19904,44
850,Santa Marta,11.240791,-74.19904,14
851,Santa Marta,11.240791,-74.19904,14
852,Santa Marta,11.240791,-74.19904,24
853,Santa Marta,11.240791,-74.19904,12
854,Santa Marta,11.240791,-74.19904,23
855,Santa Marta,11.240791,-74.19904,13
856,Santa Marta,11.240791,-74.19904,31
857,Santa Marta,11.240791,-74.19904,10
858,Santa Marta,11.240791,-74.19904,6
859,Santa Marta,11.240791,-74.19904,37
860,Santa Marta,11.240791,-74.19904,26
861,Santa Marta,11.240791,-74.19904,34
862,Santa Marta,11.240791,-74.19904,31
863,Santa Marta,11.240791,-74.19904,16
864,Santa Marta,11.240791,-74.19904,14
865,Santa Marta,11.240791,-74.19904,7
866,Santa Marta,11.240791,-74.19904,16
867,Santa Marta,11.240791,-74.19904,12
868,Santa Marta,11.240791,-74.19904,23
869,Santa Marta,11.240791,-74.19904,14
870,Santa Marta,11.240791,-74.19904,8
871,Santa Marta,11.240791,-74.19904,8
872,Santa Marta,11.240791,-74.19904,23
873,Santa Marta,11.240791,-74.19904,15
874,Santa Marta,11.240791,-74.19904,4
875,Santa Marta,11.240791,-74.19904,7
876,Santa Marta,11.240791,-74.19904,36
877,Santa Marta,11.240791,-74.19904,14
878,Santa Marta,11.240791,-74.19904,12
879,Santa Marta,11.240791,-74.19904,38
880,Santa Marta,11.240791,-74.19904,14
881,Santa Marta,11.240791,-74.19904,14
882,Santa Marta,11.240791,-74.19904,7
883,Santa Marta,11.240791,-74.19904,14
884,Santa Marta,11.240791,-74.19904,14
885,Santa Marta,11.240791,-74.19904,30
886,Santa Marta,11.240791,-74.19904,13
887,Santa Marta,11.240791,-74.19904,23
888,Santa Marta,11.240791,-74.19904,8
889,Santa Marta,11.240791,-74.19904,14
890,Santa Marta,11.240791,-74.19904,10
891,Santa Marta,11.240791,-74.19904,16
892,Santa Marta,11.240791,-74.19904,12
893,Santa Marta,11.240791,-74.19904,14
894,Santa Marta,11.240791,-74.19904,36
895,Santa Marta,11.240791,-74.19904,6
896,Santa Marta,11.240791,-74.19904,13
897,Santa Marta,11.240791,-74.19904,14
898,Santa Marta,11.240791,-74.19904,10
899,Santa Marta,11.240791,-74.19904,19
900,Ibagué,4.438889,-75.232222,41
901,Ibagué,4.438889,-75.232222,38
902,Ibagué,4.438889,-75.232222,24
903,Ibagué,4.438889,-75.232222,20
904,Ibagué,4.438889,-75.232222,19
905,Ibagué,4.438889,-75.232222,6
906,Ibagué,4.438889,-75.232222,25
907,Ibagué,4.438889,-75.232222,19
908,Ibagué,4.438889,-75.232222,20
909,Ibagué,4.438889,-75.232222,23
910,Ibagué,4.438889,-75.232222,13
911,Ibagué,4.438889,-75.232222,41
912,Ibagué,4.438889,-75.232222,11
913,Ibagué,4.438889,-75.232222,3
914,Ibagué,4.438889,-75.232222,23
915,Ibagué,4.438889,-75.232222,15
916,Ibagué,4.438889,-75.232222,14
917,Ibagué,4.438889,-75.232222,8
918,Ibagué,4.438889,-75.232222,12
919,Ibagué,4.438889,-75.232222,25
920,Ibagué,4.438889,-75.232222,31
921,Ibagué,4.438889,-75.232222,18
922,Ibagué,4.438889,-75.232222,23
923,Ibagué,4.438889,-75.232222,28
924,Ibagué,4.438889,-75.232222,38
925,Ibagué,4.438889,-75.232222,42
926,Ibagué,4.438889,-75.232222,40
927,Ibagué,4.438889,-75.232222,26
928,Ibagué,4.438889,-75.232222,35
929,Ibagué,4.438889,-75.232222,39
930,Ibagué,4.438889,-75.232222,9
931,Ibagué,4.438889,-75.232222,29
932,Ibagué,4.438889,-75.232222,23
933,Ibagué,4.438889,-75.232222,46
934,Ibagué,4.438889,-75.232222,29
935,Ibagué,4.438889,-75.232222,34
936,Ibagué,4.438889,-75.232222,19
937,Ibagué,4.438889,-75.232222,4
938,Ibagué,4.438889,-75.232222,11
939,Ibagué,4.438889,-75.232222,16
940,Ibagué,4.438889,-75.232222,16
941,Ibagué,4.438889,-75.232222,40
942,Ibagué,4.438889,-75.232222,22
943,Ibagué,4.438889,-75.232222,18
944,Ibagué,4.438889,-75.232222,49
945,Ibagué,4.438889,-75.232222,44
946,Ibagué,4.438889,-75.232222,14
947,Ibagué,4.438889,-75.232222,12
948,Ibagué,4.438889,-75.232222,15
949,Ibagué,4.438889,-75.232222,16
950,Ibagué,4.438889,-75.232222,16
951,Ibagué,4.438889,-75.232222,42
952,Ibagué,4.438889,-75.232222,17
953,Ibagué,4.438889,-75.232222,16
954,Ibagué,4.438889,-75.232222,42
955,Ibagué,4.438889,-75.232222,21
956,Ibagué,4.438889,-75.232222,26
957,Ibagué,4.438889,-75.232222,15
958,Ibagué,4.438889,-75.232222,27
959,Ibagué,4.438889,-75.232222,22
960,Ibagué,4.438889,-75.232222,21
961,Ibagué,4.438889,-75.232222,8
962,Ibagué,4.438889,-75.232222,41
963,Ibagué,4.438889,-75.232222,30
964,Ibagué,4.438889,-75.232222,30
965,Ibagué,4.438889,-75.232222,11
966,Ibagué,4.438889,-75.232222,36
967,Ibagué,4.438889,-75.232222,41
968,Ibagué,4.438889,-75.232222,41
969,Ibagué,4.438889,-75.232222,45
970,Ibagué,4.438889,-75.232222,19
971,Ibagué,4.438889,-75.232222,48
972,Ibagué,4.438889,-75.232222,18
973,Ibagué,4.438889,-75.232222,37
974,Ibagué,4.438889,-75.232222,10
975,Ibagué,4.438889,-75.232222,10
976,Ibagué,4.438889,-75.232222,21
977,Ibagué,4.438889,-75.232222,31
978,Ibagué,4.438889,-75.232222,32
979,Ibagué,4.438889,-75.232222,29
980,Ibagué,4.438889,-75.232222,11
981,Ibagué,4.438889,-75.232222,10
982,Ibagué,4.438889,-75.232222,17
983,Ibagué,4.438889,-75.232222,18
984,Ibagué,4.438889,-75.232222,33
985,Ibagué,4.438889,-75.232222,36
986,Ibagué,4.438889,-75.232222,47
987,Ibagué,4.438889,-75.232222,12
988,Ibagué,4.438889,-75.232222,13
989,Ibagué,4.438889,-75.232222,5
990,Ibagué,4.438889,-75.232222,7
991,Ibagué,4.438889,-75.232222,13
992,Ibagué,4.438889,-75.232222,39
993,Ibagué,4.438889,-75.232222,16
994,Ibagué,4.438889,-75.232222,11
995,Ibagué,4.438889,-75.232222,34
996,Ibagué,4.438889,-75.232222,17
997,Ibagué,4.438889,-75.232222,29
998,Ibagué,4.438889,-75.232222,36
999,Ibagué,4.438889,-75.232222,18
1000,Pasto,1.213611,-77.281111,30
1001,Pasto,1.213611,-77.281111,29
1002,Pasto,1.213611,-77.281111,33
1003,Pasto,1.213611,-77.281111,18
1004,Pasto,1.213611,-77.281111,9
1005,Pasto,1.213611,-77.281111,39
1006,Pasto,1.213611,-77.281111,27
1007,Pasto,1.213611,-77.281111,32
1008,Pasto,1.213611,-77.281111,41
1009,Pasto,1.213611,-77.281111,19
1010,Pasto,1.213611,-77.281111,15
1011,Pasto,1.213611,-77.281111,23
1012,Pasto,1.213611,-77.281111,17
1013,Pasto,1.213611,-77.281111,18
1014,Pasto,1.213611,-77.281111,15
1015,Pasto,1.213611,-77.281111,13
1016,Pasto,1.213611,-77.281111,28
1017,Pasto,1.213611,-77.281111,30
1018,Pasto,1.213611,-77.281111,31
1019,Pasto,1.213611,-77.281111,26
1020,Pasto,1.213611,-77.281111,13
1021,Pasto,1.213611,-77.281111,44
1022,Pasto,1.213611,-77.281111,10
1023,Pasto,1.213611,-77.281111,12
1024,Pasto,1.213611,-77.281111,21
1025,Pasto,1.213611,-77.281111,15
1026,Pasto,1.213611,-77.281111,19
1027,Pasto,1.213611,-77.281111,9
1028,Pasto,1.213611,-77.281111,15
1029,Pasto,1.213611,-77.281111,11
1030,Pasto,1.213611,-77.281111,22
1031,Pasto,1.213611,-77.281111,42
1032,Pasto,1.213611,-77.281111,11
1033,Pasto,1.213611,-77.281111,19
1034,Pasto,1.213611,-77.281111,19
1035,Pasto,1.213611,-77.281111,10
1036,Pasto,1.213611,-77.281111,18
1037,Pasto,1.213611,-77.281111,13
1038,Pasto,1.213611,-77.281111,26
1039,Pasto,1.213611,-77.281111,11
1040,Pasto,1.213611,-77.281111,10
1041,Pasto,1.213611,-77.281111,13
1042,Pasto,1.213611,-77.281111,6
1043,Pasto,1.213611,-77.281111,19
1044,Pasto,1.213611,-77.281111,32
1045,Pasto,1.213611,-77.281111,44
1046,Pasto,1.213611,-77.281111,21
1047,Pasto,1.213611,-77.281111,11
1048,Pasto,1.213611,-77.281111,29
1049,Pasto,1.213611,-77.281111,6
1050,Pasto,1.213611,-77.281111,12
1051,Pasto,1.213611,-77.281111,6
1052,Pasto,1.213611,-77.281111,8
1053,Pasto,1.213611,-77.281111,18
1054,Pasto,1.213611,-77.281111,21
1055,Manizales,5.0688900000000015,-75.517383,41
1056,Manizales,5.0688900000000015,-75.517383,38
1057,Manizales,5.0688900000000015,-75.517383,24
1058,Manizales,5.0688900000000015,-75.517383,20
1059,Manizales,5.0688900000000015,-75.517383,19
1060,Manizales,5.0688900000000015,-75.517383,6
1061,Manizales,5.0688900000000015,-75.517383,25
1062,Manizales,5.0688900000000015,-75.517383,19
1063,Manizales,5.0688900000000015,-75.517383,20
1064,Manizales,5.0688900000000015,-75.517383,23
1065,Manizales,5.0688900000000015,-75.517383,13
1066,Manizales,5.0688900000000015,-75.517383,41
1067,Manizales,5.0688900000000015,-75.517383,46
1068,Manizales,5.0688900000000015,-75.517383,11
1069,Manizales,5.0688900000000015,-75.517383,3
1070,Manizales,5.0688900000000015,-75.517383,23
1071,Manizales,5.0688900000000015,-75.517383,17
1072,Manizales,5.0688900000000015,-75.517383,15
1073,Manizales,5.0688900000000015,-75.517383,14
1074,Manizales,5.0688900000000015,-75.517383,8
1075,Manizales,5.0688900000000015,-75.517383,12
1076,Manizales,5.0688900000000015,-75.517383,25
1077,Manizales,5.0688900000000015,-75.517383,31
1078,Manizales,5.0688900000000015,-75.517383,18
1079,Manizales,5.0688900000000015,-75.517383,23
1080,Manizales,5.0688900000000015,-75.517383,28
1081,Manizales,5.0688900000000015,-75.517383,38
1082,Manizales,5.0688900000000015,-75.517383,42
1083,Manizales,5.0688900000000015,-75.517383,40
1084,Manizales,5.0688900000000015,-75.517383,26
1085,Manizales,5.0688900000000015,-75.517383,35
1086,Manizales,5.0688900000000015,-75.517383,39
1087,Manizales,5.0688900000000015,-75.517383,9
1088,Manizales,5.0688900000000015,-75.517383,29
1089,Manizales,5.0688900000000015,-75.517383,46
1090,Manizales,5.0688900000000015,-75.517383,34
1091,Manizales,5.0688900000000015,-75.517383,4
1092,Manizales,5.0688900000000015,-75.517383,11
1093,Manizales,5.0688900000000015,-75.517383,16
1094,Manizales,5.0688900000000015,-75.517383,16
1095,Manizales,5.0688900000000015,-75.517383,40
1096,Manizales,5.0688900000000015,-75.517383,22
1097,Manizales,5.0688900000000015,-75.517383,18
1098,Manizales,5.0688900000000015,-75.517383,49
1099,Manizales,5.0688900000000015,-75.517383,44
1100,Manizales,5.0688900000000015,-75.517383,14
1101,Manizales,5.0688900000000015,-75.517383,12
1102,Manizales,5.0688900000000015,-75.517383,15
1103,Manizales,5.0688900000000015,-75.517383,16
1104,Manizales,5.0688900000000015,-75.517383,16
1105,Manizales,5.0688900000000015,-75.517383,42
1106,Manizales,5.0688900000000015,-75.517383,17
1107,Manizales,5.0688900000000015,-75.517383,16
1108,Manizales,5.0688900000000015,-75.517383,42
1109,Manizales,5.0688900000000015,-75.517383,21
1110,Manizales,5.0688900000000015,-75.517383,26
1111,Manizales,5.0688900000000015,-75.517383,15
1112,Manizales,5.0688900000000015,-75.517383,27
1113,Manizales,5.0688900000000015,-75.517383,22
1114,Manizales,5.0688900000000015,-75.517383,39
1115,Manizales,5.0688900000000015,-75.517383,21
1116,Manizales,5.0688900000000015,-75.517383,8
1117,Manizales,5.0688900000000015,-75.517383,30
1118,Manizales,5.0688900000000015,-75.517383,11
1119,Manizales,5.0688900000000015,-75.517383,18
1120,Manizales,5.0688900000000015,-75.517383,36
1121,Manizales,5.0688900000000015,-75.517383,41
1122,Manizales,5.0688900000000015,-75.517383,41
1123,Manizales,5.0688900000000015,-75.517383,45
1124,Manizales,5.0688900000000015,-75.517383,19
1125,Manizales,5.0688900000000015,-75.517383,48
1126,Manizales,5.0688900000000015,-75.517383,18
1127,Manizales,5.0688900000000015,-75.517383,37
1128,Manizales,5.0688900000000015,-75.517383,10
1129,Manizales,5.0688900000000015,-75.517383,10
1130,Manizales,5.0688900000000015,-75.517383,21
1131,Manizales,5.0688900000000015,-75.517383,10
1132,Manizales,5.0688900000000015,-75.517383,31
1133,Manizales,5.0688900000000015,-75.517383,32
1134,Manizales,5.0688900000000015,-75.517383,29
1135,Manizales,5.0688900000000015,-75.517383,11
1136,Manizales,5.0688900000000015,-75.517383,10
1137,Manizales,5.0688900000000015,-75.517383,17
1138,Manizales,5.0688900000000015,-75.517383,18
1139,Manizales,5.0688900000000015,-75.517383,33
1140,Manizales,5.0688900000000015,-75.517383,36
1141,Manizales,5.0688900000000015,-75.517383,47
1142,Manizales,5.0688900000000015,-75.517383,12
1143,Manizales,5.0688900000000015,-75.517383,43
1144,Manizales,5.0688900000000015,-75.517383,13
1145,Manizales,5.0688900000000015,-75.517383,5
1146,Manizales,5.0688900000000015,-75.517383,7
1147,Manizales,5.0688900000000015,-75.517383,13
1148,Manizales,5.0688900000000015,-75.517383,39
1149,Manizales,5.0688900000000015,-75.517383,16
1150,Manizales,5.0688900000000015,-75.517383,11
1151,Manizales,5.0688900000000015,-75.517383,34
1152,Manizales,5.0688900000000015,-75.517383,17
1153,Manizales,5.0688900000000015,-75.517383,29
1154,Manizales,5.0688900000000015,-75.517383,36
1155,Villavicencio,4.142002,-73.626645,33
1156,Villavicencio,4.142002,-73.626645,25
1157,Villavicencio,4.142002,-73.626645,15
1158,Villavicencio,4.142002,-73.626645,15
1159,Villavicencio,4.142002,-73.626645,5
1160,Villavicencio,4.142002,-73.626645,49
1161,Villavicencio,4.142002,-73.626645,12
1162,Villavicencio,4.142002,-73.626645,20
1163,Villavicencio,4.142002,-73.626645,11
1164,Villavicencio,4.142002,-73.626645,38
1165,Villavicencio,4.142002,-73.626645,6
1166,Villavicencio,4.142002,-73.626645,28
1167,Villavicencio,4.142002,-73.626645,16
1168,Villavicencio,4.142002,-73.626645,31
1169,Villavicencio,4.142002,-73.626645,20
1170,Villavicencio,4.142002,-73.626645,15
1171,Villavicencio,4.142002,-73.626645,9
1172,Villavicencio,4.142002,-73.626645,3
1173,Villavicencio,4.142002,-73.626645,20
1174,Villavicencio,4.142002,-73.626645,6
1175,Villavicencio,4.142002,-73.626645,27
1176,Villavicencio,4.142002,-73.626645,19
1177,Villavicencio,4.142002,-73.626645,3
1178,Villavicencio,4.142002,-73.626645,26
1179,Villavicencio,4.142002,-73.626645,10
1180,Villavicencio,4.142002,-73.626645,33
1181,Villavicencio,4.142002,-73.626645,18
1182,Villavicencio,4.142002,-73.626645,5
1183,Villavicencio,4.142002,-73.626645,18
1184,Villavicencio,4.142002,-73.626645,23
1185,Villavicencio,4.142002,-73.626645,8
1186,Villavicencio,4.142002,-73.626645,37
1187,Villavicencio,4.142002,-73.626645,26
1188,Villavicencio,4.142002,-73.626645,40
1189,Villavicencio,4.142002,-73.626645,28
1190,Villavicencio,4.142002,-73.626645,29
1191,Villavicencio,4.142002,-73.626645,13
1192,Villavicencio,4.142002,-73.626645,40
1193,Villavicencio,4.142002,-73.626645,12
1194,Villavicencio,4.142002,-73.626645,9
1195,Villavicencio,4.142002,-73.626645,34
1196,Villavicencio,4.142002,-73.626645,8
1197,Villavicencio,4.142002,-73.626645,27
1198,Villavicencio,4.142002,-73.626645,45
1199,Villavicencio,4.142002,-73.626645,13
1200,Villavicencio,4.142002,-73.626645,10
1201,Villavicencio,4.142002,-73.626645,16
1202,Villavicencio,4.142002,-73.626645,6
1203,Villavicencio,4.142002,-73.626645,16
1204,Villavicencio,4.142002,-73.626645,21
1205,Villavicencio,4.142002,-73.626645,11
1206,Villavicencio,4.142002,-73.626645,5
1207,Villavicencio,4.142002,-73.626645,24
1208,Villavicencio,4.142002,-73.626645,10
1209,Villavicencio,4.142002,-73.626645,12
1210,Villavicencio,4.142002,-73.626645,12
1211,Villavicencio,4.142002,-73.626645,24
1212,Villavicencio,4.142002,-73.626645,13
1213,Villavicencio,4.142002,-73.626645,40
1214,Villavicencio,4.142002,-73.626645,44
1215,Villavicencio,4.142002,-73.626645,9
1216,Villavicencio,4.142002,-73.626645,19
1217,Villavicencio,4.142002,-73.626645,33
1218,Villavicencio,4.142002,-73.626645,13
1219,Villavicencio,4.142002,-73.626645,14
1220,Villavicencio,4.142002,-73.626645,35
1221,Villavicencio,4.142002,-73.626645,3
1222,Villavicencio,4.142002,-73.626645,21
1223,Villavicencio,4.142002,-73.626645,10
1224,Villavicencio,4.142002,-73.626645,14
1225,Villavicencio,4.142002,-73.626645,36
1226,Villavicencio,4.142002,-73.626645,21
1227,Villavicencio,4.142002,-73.626645,16
1228,Villavicencio,4.142002,-73.626645,24
1229,Villavicencio,4.142002,-73.626645,3
1230,Villavicencio,4.142002,-73.626645,9
1231,Villavicencio,4.142002,-73.626645,28
1232,Villavicencio,4.142002,-73.626645,18
1233,Villavicencio,4.142002,-73.626645,16
1234,Villavicencio,4.142002,-73.626645,35
1235,Villavicencio,4.142002,-73.626645,20
1236,Villavicencio,4.142002,-73.626645,36
1237,Villavicencio,4.142002,-73.626645,26
1238,Villavicencio,4.142002,-73.626645,17
1239,Villavicencio,4.142002,-73.626645,27
1240,Villavicencio,4.142002,-73.626645,21
1241,Villavicencio,4.142002,-73.626645,5
1242,Villavicencio,4.142002,-73.626645,14
1243,Villavicencio,4.142002,-73.626645,14
1244,Villavicencio,4.142002,-73.626645,32
1245,Villavicencio,4.142002,-73.626645,15
1246,Villavicencio,4.142002,-73.626645,43
1247,Villavicencio,4.142002,-73.626645,31
1248,Villavicencio,4.142002,-73.626645,11
1249,Villavicencio,4.142002,-73.626645,8
1250,Villavicencio,4.142002,-73.626645,18
1251,Villavicencio,4.142002,-73.626645,32
1252,Villavicencio,4.142002,-73.626645,23
1253,Villavicencio,4.142002,-73.626645,24
1254,Villavicencio,4.142002,-73.626645,28
1255,Neiva,2.927299,-75.281885,27
1256,Neiva,2.927299,-75.281885,11
1257,Neiva,2.927299,-75.281885,24
1258,Neiva,2.927299,-75.281885,24
1259,Neiva,2.927299,-75.281885,19
1260,Neiva,2.927299,-75.281885,14
1261,Neiva,2.927299,-75.281885,18
1262,Neiva,2.927299,-75.281885,29
1263,Neiva,2.927299,-75.281885,27
1264,Neiva,2.927299,-75.281885,45
1265,Neiva,2.927299,-75.281885,14
1266,Neiva,2.927299,-75.281885,8
1267,Neiva,2.927299,-75.281885,9
1268,Neiva,2.927299,-75.281885,11
1269,Neiva,2.927299,-75.281885,9
1270,Neiva,2.927299,-75.281885,46
1271,Neiva,2.927299,-75.281885,11
1272,Neiva,2.927299,-75.281885,22
1273,Neiva,2.927299,-75.281885,20
1274,Neiva,2.927299,-75.281885,21
1275,Neiva,2.927299,-75.281885,23
1276,Neiva,2.927299,-75.281885,6
1277,Neiva,2.927299,-75.281885,8
1278,Neiva,2.927299,-75.281885,36
1279,Neiva,2.927299,-75.281885,39
1280,Neiva,2.927299,-75.281885,46
1281,Neiva,2.927299,-75.281885,42
1282,Neiva,2.927299,-75.281885,13
1283,Neiva,2.927299,-75.281885,27
1284,Neiva,2.927299,-75.281885,8
1285,Neiva,2.927299,-75.281885,24
1286,Neiva,2.927299,-75.281885,11
1287,Neiva,2.927299,-75.281885,14
1288,Neiva,2.927299,-75.281885,4
1289,Neiva,2.927299,-75.281885,9
1290,Neiva,2.927299,-75.281885,37
1291,Neiva,2.927299,-75.281885,25
1292,Neiva,2.927299,-75.281885,36
1293,Neiva,2.927299,-75.281885,26
1294,Neiva,2.927299,-75.281885,17
1295,Neiva,2.927299,-75.281885,21
1296,Neiva,2.927299,-75.281885,16
1297,Neiva,2.927299,-75.281885,34
1298,Neiva,2.927299,-75.281885,17
1299,Neiva,2.927299,-75.281885,9
1300,Neiva,2.927299,-75.281885,16
1301,Neiva,2.927299,-75.281885,13
1302,Neiva,2.927299,-75.281885,27
1303,Neiva,2.927299,-75.281885,12
1304,Neiva,2.927299,-75.281885,14
1305,Neiva,2.927299,-75.281885,7
1306,Neiva,2.927299,-75.281885,15
1307,Neiva,2.927299,-75.281885,11
1308,Neiva,2.927299,-75.281885,15
1309,Neiva,2.927299,-75.281885,10
1310,Neiva,2.927299,-75.281885,12
1311,Neiva,2.927299,-75.281885,23
1312,Neiva,2.927299,-75.281885,27
1313,Neiva,2.927299,-75.281885,14
1314,Neiva,2.927299,-75.281885,18
1315,Neiva,2.927299,-75.281885,17
1316,Neiva,2.927299,-75.281885,19
1317,Neiva,2.927299,-75.281885,23
1318,Neiva,2.927299,-75.281885,17
1319,Neiva,2.927299,-75.281885,12
1320,Neiva,2.927299,-75.281885,21
1321,Neiva,2.927299,-75.281885,18
1322,Neiva,2.927299,-75.281885,26
1323,Neiva,2.927299,-75.281885,41
1324,Neiva,2.927299,-75.281885,7
1325,Neiva,2.927299,-75.281885,33
1326,Neiva,2.927299,-75.281885,12
1327,Neiva,2.927299,-75.281885,20
1328,Neiva,2.927299,-75.281885,14
1329,Neiva,2.927299,-75.281885,20
1330,Neiva,2.927299,-75.281885,4
1331,Neiva,2.927299,-75.281885,35
1332,Neiva,2.927299,-75.281885,14
1333,Neiva,2.927299,-75.281885,26
1334,Neiva,2.927299,-75.281885,29
1335,Neiva,2.927299,-75.281885,17
1336,Neiva,2.927299,-75.281885,5
1337,Neiva,2.927299,-75.281885,8
1338,Neiva,2.927299,-75.281885,15
1339,Neiva,2.927299,-75.281885,4
1340,Neiva,2.927299,-75.281885,11
1341,Neiva,2.927299,-75.281885,12
1342,Neiva,2.927299,-75.281885,3
1343,Neiva,2.927299,-75.281885,32
1344,Neiva,2.927299,-75.281885,9
1345,Neiva,2.927299,-75.281885,8
1346,Neiva,2.927299,-75.281885,47
1347,Neiva,2.927299,-75.281885,17
1348,Neiva,2.927299,-75.281885,13
1349,Neiva,2.927299,-75.281885,17
1350,Neiva,2.927299,-75.281885,40
1351,Neiva,2.927299,-75.281885,27
1352,Neiva,2.927299,-75.281885,4
1353,Neiva,2.927299,-75.281885,13
1354,Neiva,2.927299,-75.281885,12
1355,Armenia,4.533889,-75.681111,41
1356,Armenia,4.533889,-75.681111,38
1357,Armenia,4.533889,-75.681111,24
1358,Armenia,4.533889,-75.681111,20
1359,Armenia,4.533889,-75.681111,28
1360,Armenia,4.533889,-75.681111,19
1361,Armenia,4.533889,-75.681111,6
1362,Armenia,4.533889,-75.681111,25
1363,Armenia,4.533889,-75.681111,4
1364,Armenia,4.533889,-75.681111,45
1365,Armenia,4.533889,-75.681111,4
1366,Armenia,4.533889,-75.681111,19
1367,Armenia,4.533889,-75.681111,20
1368,Armenia,4.533889,-75.681111,23
1369,Armenia,4.533889,-75.681111,13
1370,Armenia,4.533889,-75.681111,41
1371,Armenia,4.533889,-75.681111,46
1372,Armenia,4.533889,-75.681111,7
1373,Armenia,4.533889,-75.681111,11
1374,Armenia,4.533889,-75.681111,3
1375,Armenia,4.533889,-75.681111,23
1376,Armenia,4.533889,-75.681111,6
1377,Armenia,4.533889,-75.681111,27
1378,Armenia,4.533889,-75.681111,15
1379,Armenia,4.533889,-75.681111,14
1380,Armenia,4.533889,-75.681111,8
1381,Armenia,4.533889,-75.681111,12
1382,Armenia,4.533889,-75.681111,25
1383,Armenia,4.533889,-75.681111,14
1384,Armenia,4.533889,-75.681111,10
1385,Armenia,4.533889,-75.681111,31
1386,Armenia,4.533889,-75.681111,18
1387,Armenia,4.533889,-75.681111,23
1388,Armenia,4.533889,-75.681111,28
1389,Armenia,4.533889,-75.681111,8
1390,Armenia,4.533889,-75.681111,38
1391,Armenia,4.533889,-75.681111,23
1392,Armenia,4.533889,-75.681111,42
1393,Armenia,4.533889,-75.681111,20
1394,Armenia,4.533889,-75.681111,21
1395,Armenia,4.533889,-75.681111,40
1396,Armenia,4.533889,-75.681111,26
1397,Armenia,4.533889,-75.681111,35
1398,Armenia,4.533889,-75.681111,39
1399,Armenia,4.533889,-75.681111,9
1400,Armenia,4.533889,-75.681111,29
1401,Armenia,4.533889,-75.681111,12
1402,Armenia,4.533889,-75.681111,23
1403,Armenia,4.533889,-75.681111,46
1404,Armenia,4.533889,-75.681111,29
1405,Armenia,4.533889,-75.681111,34
1406,Armenia,4.533889,-75.681111,19
1407,Armenia,4.533889,-75.681111,4
1408,Armenia,4.533889,-75.681111,11
1409,Armenia,4.533889,-75.681111,16
1410,Armenia,4.533889,-75.681111,16
1411,Armenia,4.533889,-75.681111,40
1412,Armenia,4.533889,-75.681111,39
1413,Armenia,4.533889,-75.681111,22
1414,Armenia,4.533889,-75.681111,18
1415,Armenia,4.533889,-75.681111,49
1416,Armenia,4.533889,-75.681111,44
1417,Armenia,4.533889,-75.681111,14
1418,Armenia,4.533889,-75.681111,12
1419,Armenia,4.533889,-75.681111,15
1420,Armenia,4.533889,-75.681111,5
1421,Armenia,4.533889,-75.681111,16
1422,Armenia,4.533889,-75.681111,16
1423,Armenia,4.533889,-75.681111,42
1424,Armenia,4.533889,-75.681111,10
1425,Armenia,4.533889,-75.681111,17
1426,Armenia,4.533889,-75.681111,16
1427,Armenia,4.533889,-75.681111,42
1428,Armenia,4.533889,-75.681111,21
1429,Armenia,4.533889,-75.681111,26
1430,Armenia,4.533889,-75.681111,15
1431,Armenia,4.533889,-75.681111,27
1432,Armenia,4.533889,-75.681111,22
1433,Armenia,4.533889,-75.681111,21
1434,Armenia,4.533889,-75.681111,8
1435,Armenia,4.533889,-75.681111,41
1436,Armenia,4.533889,-75.681111,30
1437,Armenia,4.533889,-75.681111,30
1438,Armenia,4.533889,-75.681111,20
1439,Armenia,4.533889,-75.681111,11
1440,Armenia,4.533889,-75.681111,20
1441,Armenia,4.533889,-75.681111,34
1442,Armenia,4.533889,-75.681111,36
1443,Armenia,4.533889,-75.681111,11
1444,Armenia,4.533889,-75.681111,41
1445,Armenia,4.533889,-75.681111,41
1446,Armenia,4.533889,-75.681111,41
1447,Armenia,4.533889,-75.681111,45
1448,Armenia,4.533889,-75.681111,19
1449,Armenia,4.533889,-75.681111,38
1450,Armenia,4.533889,-75.681111,48
1451,Armenia,4.533889,-75.681111,18
1452,Armenia,4.533889,-75.681111,51
1453,Armenia,4.533889,-75.681111,37
1454,Armenia,4.533889,-75.681111,27
1455,Valledupar,10.46314,-73.253224,11
1456,Valledupar,10.46314,-73.253224,17
1457,Valledupar,10.46314,-73.253224,44
1458,Valledupar,10.46314,-73.253224,3
1459,Valledupar,10.46314,-73.253224,21
1460,Valledupar,10.46314,-73.253224,18
1461,Valledupar,10.46314,-73.253224,13
1462,Valledupar,10.46314,-73.253224,11
1463,Valledupar,10.46314,-73.253224,16
1464,Valledupar,10.46314,-73.253224,14
1465,Valledupar,10.46314,-73.253224,42
1466,Valledupar,10.46314,-73.253224,4
1467,Valledupar,10.46314,-73.253224,15
1468,Valledupar,10.46314,-73.253224,39
1469,Valledupar,10.46314,-73.253224,36
1470,Valledupar,10.46314,-73.253224,21
1471,Valledupar,10.46314,-73.253224,13
1472,Valledupar,10.46314,-73.253224,12
1473,Valledupar,10.46314,-73.253224,22
1474,Valledupar,10.46314,-73.253224,10
1475,Valledupar,10.46314,-73.253224,17
1476,Valledupar,10.46314,-73.253224,11
1477,Valledupar,10.46314,-73.253224,16
1478,Valledupar,10.46314,-73.253224,6
1479,Valledupar,10.46314,-73.253224,27
1480,Valledupar,10.46314,-73.253224,6
1481,Valledupar,10.46314,-73.253224,24
1482,Valledupar,10.46314,-73.253224,16
1483,Valledupar,10.46314,-73.253224,21
1484,Valledupar,10.46314,-73.253224,18
1485,Valledupar,10.46314,-73.253224,11
1486,Valledupar,10.46314,-73.253224,34
1487,Valledupar,10.46314,-73.253224,44
1488,Valledupar,10.46314,-73.253224,17
1489,Valledupar,10.46314,-73.253224,30
1490,Valledupar,10.46314,-73.253224,24
1491,Valledupar,10.46314,-73.253224,13
1492,Valledupar,10.46314,-73.253224,13
1493,Valledupar,10.46314,-73.253224,8
1494,Valledupar,10.46314,-73.253224,12
1495,Valledupar,10.46314,-73.253224,11
1496,Valledupar,10.46314,-73.253224,7
1497,Valledupar,10.46314,-73.253224,8
1498,Valledupar,10.46314,-73.253224,14
1499,Valledupar,10.46314,-73.253224,15
1500,Valledupar,10.46314,-73.253224,40
1501,Valledupar,10.46314,-73.253224,8
1502,Valledupar,10.46314,-73.253224,13
1503,Valledupar,10.46314,-73.253224,12
1504,Valledupar,10.46314,-73.253224,36
1505,Valledupar,10.46314,-73.253224,31
1506,Valledupar,10.46314,-73.253224,14
1507,Valledupar,10.46314,-73.253224,39
1508,Valledupar,10.46314,-73.253224,10
1509,Valledupar,10.46314,-73.253224,11
1510,Valledupar,10.46314,-73.253224,8
1511,Valledupar,10.46314,-73.253224,21
1512,Valledupar,10.46314,-73.253224,39
1513,Valledupar,10.46314,-73.253224,36
1514,Valledupar,10.46314,-73.253224,15
1515,Valledupar,10.46314,-73.253224,10
1516,Valledupar,10.46314,-73.253224,3
1517,Valledupar,10.46314,-73.253224,14
1518,Valledupar,10.46314,-73.253224,30
1519,Valledupar,10.46314,-73.253224,53
1520,Valledupar,10.46314,-73.253224,8
1521,Valledupar,10.46314,-73.253224,24
1522,Valledupar,10.46314,-73.253224,11
1523,Valledupar,10.46314,-73.253224,10
1524,Valledupar,10.46314,-73.253224,11
1525,Valledupar,10.46314,-73.253224,19
1526,Valledupar,10.46314,-73.253224,15
1527,Valledupar,10.46314,-73.253224,15
1528,Valledupar,10.46314,-73.253224,11
1529,Valledupar,10.46314,-73.253224,21
1530,Valledupar,10.46314,-73.253224,9
1531,Valledupar,10.46314,-73.253224,38
1532,Valledupar,10.46314,-73.253224,37
1533,Valledupar,10.46314,-73.253224,51
1534,Valledupar,10.46314,-73.253224,5
1535,Valledupar,10.46314,-73.253224,10
1536,Valledupar,10.46314,-73.253224,11
1537,Valledupar,10.46314,-73.253224,54
1538,Valledupar,10.46314,-73.253224,51
1539,Valledupar,10.46314,-73.253224,24
1540,Valledupar,10.46314,-73.253224,14
1541,Valledupar,10.46314,-73.253224,35
1542,Valledupar,10.46314,-73.253224,12
1543,Valledupar,10.46314,-73.253224,45
1544,Valledupar,10.46314,-73.253224,17
1545,Valledupar,10.46314,-73.253224,31
1546,Valledupar,10.46314,-73.253224,10
1547,Valledupar,10.46314,-73.253224,9
1548,Valledupar,10.46314,-73.253224,10
1549,Valledupar,10.46314,-73.253224,10
1550,Valledupar,10.46314,-73.253224,21
1551,Valledupar,10.46314,-73.253224,28
1552,Valledupar,10.46314,-73.253224,22
1553,Valledupar,10.46314,-73.253224,28
1554,Valledupar,10.46314,-73.253224,11
1555,Montería,8.747983999999999,-75.881428,5
1556,Montería,8.747983999999999,-75.881428,38
1557,Montería,8.747983999999999,-75.881428,17
1558,Montería,8.747983999999999,-75.881428,17
1559,Montería,8.747983999999999,-75.881428,3
1560,Montería,8.747983999999999,-75.881428,27
1561,Montería,8.747983999999999,-75.881428,51
1562,Montería,8.747983999999999,-75.881428,15
1563,Montería,8.747983999999999,-75.881428,15
1564,Montería,8.747983999999999,-75.881428,17
1565,Montería,8.747983999999999,-75.881428,25
1566,Montería,8.747983999999999,-75.881428,25
1567,Montería,8.747983999999999,-75.881428,24
1568,Montería,8.747983999999999,-75.881428,12
1569,Montería,8.747983999999999,-75.881428,13
1570,Montería,8.747983999999999,-75.881428,13
1571,Montería,8.747983999999999,-75.881428,28
1572,Montería,8.747983999999999,-75.881428,28
1573,Montería,8.747983999999999,-75.881428,49
1574,Montería,8.747983999999999,-75.881428,15
1575,Montería,8.747983999999999,-75.881428,15
1576,Montería,8.747983999999999,-75.881428,16
1577,Montería,8.747983999999999,-75.881428,9
1578,Montería,8.747983999999999,-75.881428,8
1579,Montería,8.747983999999999,-75.881428,11
1580,Montería,8.747983999999999,-75.881428,17
1581,Montería,8.747983999999999,-75.881428,17
1582,Montería,8.747983999999999,-75.881428,24
1583,Montería,8.747983999999999,-75.881428,25
1584,Montería,8.747983999999999,-75.881428,35
1585,Montería,8.747983999999999,-75.881428,15
1586,Montería,8.747983999999999,-75.881428,16
1587,Montería,8.747983999999999,-75.881428,16
1588,Montería,8.747983999999999,-75.881428,17
1589,Montería,8.747983999999999,-75.881428,13
1590,Montería,8.747983999999999,-75.881428,19
1591,Montería,8.747983999999999,-75.881428,45
1592,Montería,8.747983999999999,-75.881428,26
1593,Montería,8.747983999999999,-75.881428,45
1594,Montería,8.747983999999999,-75.881428,25
1595,Montería,8.747983999999999,-75.881428,15
1596,Montería,8.747983999999999,-75.881428,15
1597,Montería,8.747983999999999,-75.881428,15
1598,Montería,8.747983999999999,-75.881428,4
1599,Montería,8.747983999999999,-75.881428,27
1600,Montería,8.747983999999999,-75.881428,11
1601,Montería,8.747983999999999,-75.881428,34
1602,Montería,8.747983999999999,-75.881428,34
1603,Montería,8.747983999999999,-75.881428,27
1604,Montería,8.747983999999999,-75.881428,47
1605,Montería,8.747983999999999,-75.881428,3
1606,Montería,8.747983999999999,-75.881428,8
1607,Montería,8.747983999999999,-75.881428,13
1608,Montería,8.747983999999999,-75.881428,40
1609,Montería,8.747983999999999,-75.881428,15
1610,Montería,8.747983999999999,-75.881428,7
1611,Montería,8.747983999999999,-75.881428,33
1612,Montería,8.747983999999999,-75.881428,28
1613,Montería,8.747983999999999,-75.881428,10
1614,Montería,8.747983999999999,-75.881428,27
1615,Montería,8.747983999999999,-75.881428,28
1616,Montería,8.747983999999999,-75.881428,12
1617,Montería,8.747983999999999,-75.881428,12
1618,Montería,8.747983999999999,-75.881428,31
1619,Montería,8.747983999999999,-75.881428,49
1620,Montería,8.747983999999999,-75.881428,16
1621,Montería,8.747983999999999,-75.881428,11
1622,Montería,8.747983999999999,-75.881428,13
1623,Montería,8.747983999999999,-75.881428,16
1624,Montería,8.747983999999999,-75.881428,14
1625,Montería,8.747983999999999,-75.881428,15
1626,Montería,8.747983999999999,-75.881428,9
1627,Montería,8.747983999999999,-75.881428,11
1628,Montería,8.747983999999999,-75.881428,13
1629,Montería,8.747983999999999,-75.881428,14
1630,Montería,8.747983999999999,-75.881428,11
1631,Montería,8.747983999999999,-75.881428,13
1632,Montería,8.747983999999999,-75.881428,14
1633,Montería,8.747983999999999,-75.881428,12
1634,Montería,8.747983999999999,-75.881428,33
1635,Montería,8.747983999999999,-75.881428,16
1636,Montería,8.747983999999999,-75.881428,33
1637,Montería,8.747983999999999,-75.881428,42
1638,Montería,8.747983999999999,-75.881428,26
1639,Montería,8.747983999999999,-75.881428,15
1640,Montería,8.747983999999999,-75.881428,13
1641,Montería,8.747983999999999,-75.881428,17
1642,Montería,8.747983999999999,-75.881428,43
1643,Montería,8.747983999999999,-75.881428,16
1644,Montería,8.747983999999999,-75.881428,14
1645,Montería,8.747983999999999,-75.881428,14
1646,Montería,8.747983999999999,-75.881428,14
1647,Montería,8.747983999999999,-75.881428,33
1648,Montería,8.747983999999999,-75.881428,20
1649,Montería,8.747983999999999,-75.881428,20
1650,Montería,8.747983999999999,-75.881428,15
1651,Montería,8.747983999999999,-75.881428,25
1652,Montería,8.747983999999999,-75.881428,19
1653,Montería,8.747983999999999,-75.881428,38
1654,Montería,8.747983999999999,-75.881428,38
1655,Sincelejo,9.304722,-75.397778,5
1656,Sincelejo,9.304722,-75.397778,17
1657,Sincelejo,9.304722,-75.397778,17
1658,Sincelejo,9.304722,-75.397778,15
1659,Sincelejo,9.304722,-75.397778,15
1660,Sincelejo,9.304722,-75.397778,17
1661,Sincelejo,9.304722,-75.397778,29
1662,Sincelejo,9.304722,-75.397778,25
1663,Sincelejo,9.304722,-75.397778,25
1664,Sincelejo,9.304722,-75.397778,24
1665,Sincelejo,9.304722,-75.397778,12
1666,Sincelejo,9.304722,-75.397778,13
1667,Sincelejo,9.304722,-75.397778,13
1668,Sincelejo,9.304722,-75.397778,28
1669,Sincelejo,9.304722,-75.397778,28
1670,Sincelejo,9.304722,-75.397778,49
1671,Sincelejo,9.304722,-75.397778,15
1672,Sincelejo,9.304722,-75.397778,15
1673,Sincelejo,9.304722,-75.397778,16
1674,Sincelejo,9.304722,-75.397778,8
1675,Sincelejo,9.304722,-75.397778,11
1676,Sincelejo,9.304722,-75.397778,17
1677,Sincelejo,9.304722,-75.397778,17
1678,Sincelejo,9.304722,-75.397778,24
1679,Sincelejo,9.304722,-75.397778,10
1680,Sincelejo,9.304722,-75.397778,25
1681,Sincelejo,9.304722,-75.397778,44
1682,Sincelejo,9.304722,-75.397778,35
1683,Sincelejo,9.304722,-75.397778,15
1684,Sincelejo,9.304722,-75.397778,16
1685,Sincelejo,9.304722,-75.397778,16
1686,Sincelejo,9.304722,-75.397778,13
1687,Sincelejo,9.304722,-75.397778,19
1688,Sincelejo,9.304722,-75.397778,45
1689,Sincelejo,9.304722,-75.397778,26
1690,Sincelejo,9.304722,-75.397778,45
1691,Sincelejo,9.304722,-75.397778,15
1692,Sincelejo,9.304722,-75.397778,15
1693,Sincelejo,9.304722,-75.397778,15
1694,Sincelejo,9.304722,-75.397778,4
1695,Sincelejo,9.304722,-75.397778,27
1696,Sincelejo,9.304722,-75.397778,19
1697,Sincelejo,9.304722,-75.397778,11
1698,Sincelejo,9.304722,-75.397778,34
1699,Sincelejo,9.304722,-75.397778,34
1700,Sincelejo,9.304722,-75.397778,27
1701,Sincelejo,9.304722,-75.397778,47
1702,Sincelejo,9.304722,-75.397778,3
1703,Sincelejo,9.304722,-75.397778,8
1704,Sincelejo,9.304722,-75.397778,21
1705,Sincelejo,9.304722,-75.397778,13
1706,Sincelejo,9.304722,-75.397778,40
1707,Sincelejo,9.304722,-75.397778,15
1708,Sincelejo,9.304722,-75.397778,7
1709,Sincelejo,9.304722,-75.397778,15
1710,Sincelejo,9.304722,-75.397778,33
1711,Sincelejo,9.304722,-75.397778,28
1712,Sincelejo,9.304722,-75.397778,10
1713,Sincelejo,9.304722,-75.397778,27
1714,Sincelejo,9.304722,-75.397778,28
1715,Sincelejo,9.304722,-75.397778,12
1716,Sincelejo,9.304722,-75.397778,12
1717,Sincelejo,9.304722,-75.397778,31
1718,Sincelejo,9.304722,-75.397778,49
1719,Sincelejo,9.304722,-75.397778,16
1720,Sincelejo,9.304722,-75.397778,12
1721,Sincelejo,9.304722,-75.397778,24
1722,Sincelejo,9.304722,-75.397778,11
1723,Sincelejo,9.304722,-75.397778,13
1724,Sincelejo,9.304722,-75.397778,16
1725,Sincelejo,9.304722,-75.397778,14
1726,Sincelejo,9.304722,-75.397778,15
1727,Sincelejo,9.304722,-75.397778,9
1728,Sincelejo,9.304722,-75.397778,11
1729,Sincelejo,9.304722,-75.397778,13
1730,Sincelejo,9.304722,-75.397778,14
1731,Sincelejo,9.304722,-75.397778,11
1732,Sincelejo,9.304722,-75.397778,13
1733,Sincelejo,9.304722,-75.397778,14
1734,Sincelejo,9.304722,-75.397778,12
1735,Sincelejo,9.304722,-75.397778,33
1736,Sincelejo,9.304722,-75.397778,16
1737,Sincelejo,9.304722,-75.397778,33
1738,Sincelejo,9.304722,-75.397778,42
1739,Sincelejo,9.304722,-75.397778,26
1740,Sincelejo,9.304722,-75.397778,15
1741,Sincelejo,9.304722,-75.397778,13
1742,Sincelejo,9.304722,-75.397778,17
1743,Sincelejo,9.304722,-75.397778,43
1744,Sincelejo,9.304722,-75.397778,16
1745,Sincelejo,9.304722,-75.397778,43
1746,Sincelejo,9.304722,-75.397778,14
1747,Sincelejo,9.304722,-75.397778,14
1748,Sincelejo,9.304722,-75.397778,14
1749,Sincelejo,9.304722,-75.397778,33
1750,Sincelejo,9.304722,-75.397778,20
1751,Sincelejo,9.304722,-75.397778,20
1752,Sincelejo,9.304722,-75.397778,15
1753,Sincelejo,9.304722,-75.397778,25
1754,Sincelejo,9.304722,-75.397778,19
1755,Popayán,2.444444,-76.613889,38
1756,Popayán,2.444444,-76.613889,33
1757,Popayán,2.444444,-76.613889,20
1758,Popayán,2.444444,-76.613889,21
1759,Popayán,2.444444,-76.613889,31
1760,Popayán,2.444444,-76.613889,41
1761,Popayán,2.444444,-76.613889,13
1762,Popayán,2.444444,-76.613889,17
1763,Popayán,2.444444,-76.613889,32
1764,Popayán,2.444444,-76.613889,7
1765,Popayán,2.444444,-76.613889,30
1766,Popayán,2.444444,-76.613889,3
1767,Popayán,2.444444,-76.613889,23
1768,Popayán,2.444444,-76.613889,10
1769,Popayán,2.444444,-76.613889,27
1770,Popayán,2.444444,-76.613889,30
1771,Popayán,2.444444,-76.613889,26
1772,Popayán,2.444444,-76.613889,7
1773,Popayán,2.444444,-76.613889,44
1774,Popayán,2.444444,-76.613889,9
1775,Popayán,2.444444,-76.613889,32
1776,Popayán,2.444444,-76.613889,30
1777,Popayán,2.444444,-76.613889,18
1778,Popayán,2.444444,-76.613889,11
1779,Popayán,2.444444,-76.613889,19
1780,Popayán,2.444444,-76.613889,41
1781,Popayán,2.444444,-76.613889,32
1782,Popayán,2.444444,-76.613889,43
1783,Popayán,2.444444,-76.613889,18
1784,Popayán,2.444444,-76.613889,9
1785,Popayán,2.444444,-76.613889,10
1786,Popayán,2.444444,-76.613889,10
1787,Popayán,2.444444,-76.613889,32
1788,Popayán,2.444444,-76.613889,14
1789,Popayán,2.444444,-76.613889,14
1790,Popayán,2.444444,-76.613889,36
1791,Popayán,2.444444,-76.613889,19
1792,Popayán,2.444444,-76.613889,19
1793,Popayán,2.444444,-76.613889,19
1794,Popayán,2.444444,-76.613889,29
1795,Popayán,2.444444,-76.613889,13
1796,Popayán,2.444444,-76.613889,27
1797,Popayán,2.444444,-76.613889,31
1798,Popayán,2.444444,-76.613889,18
1799,Popayán,2.444444,-76.613889,37
1800,Popayán,2.444444,-76.613889,25
1801,Popayán,2.444444,-76.613889,27
1802,Popayán,2.444444,-76.613889,12
1803,Popayán,2.444444,-76.613889,11
1804,Popayán,2.444444,-76.613889,18
1805,Popayán,2.444444,-76.613889,22
1806,Popayán,2.444444,-76.613889,42
1807,Popayán,2.444444,-76.613889,15
1808,Popayán,2.444444,-76.613889,29
1809,Popayán,2.444444,-76.613889,31
1810,Popayán,2.444444,-76.613889,43
1811,Popayán,2.444444,-76.613889,38
1812,Popayán,2.444444,-76.613889,25
1813,Popayán,2.444444,-76.613889,14
1814,Popayán,2.444444,-76.613889,23
1815,Popayán,2.444444,-76.613889,27
1816,Popayán,2.444444,-76.613889,11
1817,Popayán,2.444444,-76.613889,18
1818,Popayán,2.444444,-76.613889,7
1819,Popayán,2.444444,-76.613889,33
1820,Popayán,2.444444,-76.613889,7
1821,Popayán,2.444444,-76.613889,44
1822,Popayán,2.444444,-76.613889,42
1823,Popayán,2.444444,-76.613889,41
1824,Popayán,2.444444,-76.613889,12
1825,Popayán,2.444444,-76.613889,39
1826,Popayán,2.444444,-76.613889,11
1827,Popayán,2.444444,-76.613889,32
1828,Popayán,2.444444,-76.613889,45
1829,Popayán,2.444444,-76.613889,35
1830,Popayán,2.444444,-76.613889,22
1831,Popayán,2.444444,-76.613889,6
1832,Popayán,2.444444,-76.613889,16
1833,Popayán,2.444444,-76.613889,31
1834,Popayán,2.444444,-76.613889,42
1835,Popayán,2.444444,-76.613889,22
1836,Popayán,2.444444,-76.613889,12
1837,Popayán,2.444444,-76.613889,22
1838,Popayán,2.444444,-76.613889,7
1839,Popayán,2.444444,-76.613889,13
1840,Popayán,2.444444,-76.613889,14
1841,Popayán,2.444444,-76.613889,31
1842,Popayán,2.444444,-76.613889,14
1843,Popayán,2.444444,-76.613889,4
1844,Popayán,2.444444,-76.613889,11
1845,Popayán,2.444444,-76.613889,36
1846,Popayán,2.444444,-76.613889,34
1847,Popayán,2.444444,-76.613889,9
1848,Popayán,2.444444,-76.613889,50
1849,Tunja,5.535278,-73.367778,20
1850,Tunja,5.535278,-73.367778,11
1851,Tunja,5.535278,-73.367778,46
1852,Tunja,5.535278,-73.367778,46
1853,Tunja,5.535278,-73.367778,10
1854,Tunja,5.535278,-73.367778,25
1855,Tunja,5.535278,-73.367778,36
1856,Tunja,5.535278,-73.367778,16
1857,Tunja,5.535278,-73.367778,46
1858,Tunja,5.535278,-73.367778,9
1859,Tunja,5.535278,-73.367778,24
1860,Tunja,5.535278,-73.367778,28
1861,Tunja,5.535278,-73.367778,7
1862,Tunja,5.535278,-73.367778,34
1863,Tunja,5.535278,-73.367778,31
1864,Tunja,5.535278,-73.367778,19
1865,Tunja,5.535278,-73.367778,29
1866,Tunja,5.535278,-73.367778,14
1867,Tunja,5.535278,-73.367778,8
1868,Tunja,5.535278,-73.367778,11
1869,Tunja,5.535278,-73.367778,45
1870,Tunja,5.535278,-73.367778,40
1871,Tunja,5.535278,-73.367778,41
1872,Tunja,5.535278,-73.367778,39
1873,Tunja,5.535278,-73.367778,16
1874,Tunja,5.535278,-73.367778,21
1875,Tunja,5.535278,-73.367778,15
1876,Tunja,5.535278,-73.367778,23
1877,Tunja,5.535278,-73.367778,5
1878,Tunja,5.535278,-73.367778,32
1879,Tunja,5.535278,-73.367778,45
1880,Tunja,5.535278,-73.367778,7
1881,Tunja,5.535278,-73.367778,29
1882,Tunja,5.535278,-73.367778,22
1883,Tunja,5.535278,-73.367778,34
1884,Tunja,5.535278,-73.367778,33
1885,Tunja,5.535278,-73.367778,5
1886,Tunja,5.535278,-73.367778,24
1887,Tunja,5.535278,-73.367778,11
1888,Tunja,5.535278,-73.367778,45
1889,Tunja,5.535278,-73.367778,9
1890,Tunja,5.535278,-73.367778,25
1891,Tunja,5.535278,-73.367778,10
1892,Tunja,5.535278,-73.367778,12
1893,Tunja,5.535278,-73.367778,12
1894,Tunja,5.535278,-73.367778,41
1895,Tunja,5.535278,-73.367778,15
1896,Tunja,5.535278,-73.367778,5
1897,Tunja,5.535278,-73.367778,32
1898,Tunja,5.535278,-73.367778,38
1899,Tunja,5.535278,-73.367778,32
1900,Tunja,5.535278,-73.367778,5
1901,Tunja,5.535278,-73.367778,13
1902,Tunja,5.535278,-73.367778,15
1903,Tunja,5.535278,-73.367778,37
1904,Tunja,5.535278,-73.367778,13
1905,Tunja,5.535278,-73.367778,30
1906,Tunja,5.535278,-73.367778,18
1907,Tunja,5.535278,-73.367778,20
1908,Tunja,5.535278,-73.367778,11
1909,Tunja,5.535278,-73.367778,12
1910,Tunja,5.535278,-73.367778,47
1911,Tunja,5.535278,-73.367778,6
1912,Tunja,5.535278,-73.367778,30
1913,Tunja,5.535278,-73.367778,15
1914,Tunja,5.535278,-73.367778,11
1915,Tunja,5.535278,-73.367778,35
1916,Tunja,5.535278,-73.367778,10
1917,Tunja,5.535278,-73.367778,17
1918,Tunja,5.535278,-73.367778,10
1919,Tunja,5.535278,-73.367778,19
1920,Tunja,5.535278,-73.367778,4
1921,Tunja,5.535278,-73.367778,37
1922,Tunja,5.535278,-73.367778,39
1923,Tunja,5.535278,-73.367778,16
1924,Tunja,5.535278,-73.367778,13
1925,Tunja,5.535278,-73.367778,7
1926,Tunja,5.535278,-73.367778,12
1927,Tunja,5.535278,-73.367778,8
1928,Tunja,5.535278,-73.367778,43
1929,Tunja,5.535278,-73.367778,24
1930,Tunja,5.535278,-73.367778,16
1931,Tunja,5.535278,-73.367778,33
1932,Tunja,5.535278,-73.367778,12
1933,Tunja,5.535278,-73.367778,32
1934,Tunja,5.535278,-73.367778,13
1935,Tunja,5.535278,-73.367778,34
1936,Tunja,5.535278,-73.367778,31
1937,Tunja,5.535278,-73.367778,15
1938,Tunja,5.535278,-73.367778,36
1939,Tunja,5.535278,-73.367778,32
1940,Tunja,5.535278,-73.367778,14
1941,Tunja,5.535278,-73.367778,16
1942,Tunja,5.535278,-73.367778,22
1943,Tunja,5.535278,-73.367778,33
1944,Tunja,5.535278,-73.367778,39
1945,Tunja,5.535278,-73.367778,39
1946,Tunja,5.535278,-73.367778,24
1947,Tunja,5.535278,-73.367778,14
1948,Tunja,5.535278,-73.367778,17
1949,Ríohacha,11.544444,-72.90722199999998,49
1950,Ríohacha,11.544444,-72.90722199999998,41
1951,Ríohacha,11.544444,-72.90722199999998,12
1952,Ríohacha,11.544444,-72.90722199999998,44
1953,Ríohacha,11.544444,-72.90722199999998,9
1954,Ríohacha,11.544444,-72.90722199999998,11
1955,Ríohacha,11.544444,-72.90722199999998,15
1956,Ríohacha,11.544444,-72.90722199999998,11
1957,Ríohacha,11.544444,-72.90722199999998,7
1958,Ríohacha,11.544444,-72.90722199999998,27
1959,Ríohacha,11.544444,-72.90722199999998,11
1960,Ríohacha,11.544444,-72.90722199999998,35
1961,Ríohacha,11.544444,-72.90722199999998,44
1962,Ríohacha,11.544444,-72.90722199999998,14
1963,Ríohacha,11.544444,-72.90722199999998,12
1964,Ríohacha,11.544444,-72.90722199999998,34
1965,Ríohacha,11.544444,-72.90722199999998,12
1966,Ríohacha,11.544444,-72.90722199999998,22
1967,Ríohacha,11.544444,-72.90722199999998,4
1968,Ríohacha,11.544444,-72.90722199999998,36
1969,Ríohacha,11.544444,-72.90722199999998,17
1970,Ríohacha,11.544444,-72.90722199999998,13
1971,Ríohacha,11.544444,-72.90722199999998,8
1972,Ríohacha,11.544444,-72.90722199999998,12
1973,Ríohacha,11.544444,-72.90722199999998,6
1974,Ríohacha,11.544444,-72.90722199999998,15
1975,Ríohacha,11.544444,-72.90722199999998,9
1976,Ríohacha,11.544444,-72.90722199999998,7
1977,Ríohacha,11.544444,-72.90722199999998,43
1978,Ríohacha,11.544444,-72.90722199999998,8
1979,Ríohacha,11.544444,-72.90722199999998,12
1980,Ríohacha,11.544444,-72.90722199999998,11
1981,Ríohacha,11.544444,-72.90722199999998,20
1982,Ríohacha,11.544444,-72.90722199999998,12
1983,Ríohacha,11.544444,-72.90722199999998,6
1984,Ríohacha,11.544444,-72.90722199999998,11
1985,Ríohacha,11.544444,-72.90722199999998,28
1986,Ríohacha,11.544444,-72.90722199999998,12
1987,Ríohacha,11.544444,-72.90722199999998,14
1988,Ríohacha,11.544444,-72.90722199999998,16
1989,Ríohacha,11.544444,-72.90722199999998,14
1990,Ríohacha,11.544444,-72.90722199999998,10
1991,Ríohacha,11.544444,-72.90722199999998,14
1992,Ríohacha,11.544444,-72.90722199999998,29
1993,Ríohacha,11.544444,-72.90722199999998,31
1994,Ríohacha,11.544444,-72.90722199999998,36
1995,Ríohacha,11.544444,-72.90722199999998,21
1996,Ríohacha,11.544444,-72.90722199999998,7
1997,Ríohacha,11.544444,-72.90722199999998,11
1998,Ríohacha,11.544444,-72.90722199999998,9
1999,Ríohacha,11.544444,-72.90722199999998,3
2000,Ríohacha,11.544444,-72.90722199999998,14
2001,Ríohacha,11.544444,-72.90722199999998,12
2002,Ríohacha,11.544444,-72.90722199999998,11
2003,Ríohacha,11.544444,-72.90722199999998,15
2004,Ríohacha,11.544444,-72.90722199999998,11
2005,Ríohacha,11.544444,-72.90722199999998,7
2006,Ríohacha,11.544444,-72.90722199999998,17
2007,Ríohacha,11.544444,-72.90722199999998,25
2008,Ríohacha,11.544444,-72.90722199999998,15
2009,Ríohacha,11.544444,-72.90722199999998,13
2010,Ríohacha,11.544444,-72.90722199999998,23
2011,Ríohacha,11.544444,-72.90722199999998,28
2012,Ríohacha,11.544444,-72.90722199999998,11
2013,Ríohacha,11.544444,-72.90722199999998,12
2014,Ríohacha,11.544444,-72.90722199999998,18
2015,Ríohacha,11.544444,-72.90722199999998,23
2016,Ríohacha,11.544444,-72.90722199999998,12
2017,Ríohacha,11.544444,-72.90722199999998,14
2018,Ríohacha,11.544444,-72.90722199999998,40
2019,Ríohacha,11.544444,-72.90722199999998,5
2020,Ríohacha,11.544444,-72.90722199999998,15
2021,Ríohacha,11.544444,-72.90722199999998,37
2022,Ríohacha,11.544444,-72.90722199999998,14
2023,Ríohacha,11.544444,-72.90722199999998,18
2024,Ríohacha,11.544444,-72.90722199999998,7
2025,Ríohacha,11.544444,-72.90722199999998,13
2026,Ríohacha,11.544444,-72.90722199999998,9
2027,Ríohacha,11.544444,-72.90722199999998,8
2028,Ríohacha,11.544444,-72.90722199999998,32
2029,Ríohacha,11.544444,-72.90722199999998,12
2030,Ríohacha,11.544444,-72.90722199999998,9
2031,Ríohacha,11.544444,-72.90722199999998,12
2032,Ríohacha,11.544444,-72.90722199999998,30
2033,Ríohacha,11.544444,-72.90722199999998,32
2034,Ríohacha,11.544444,-72.90722199999998,12
2035,Ríohacha,11.544444,-72.90722199999998,10
2036,Ríohacha,11.544444,-72.90722199999998,17
2037,Ríohacha,11.544444,-72.90722199999998,25
2038,Ríohacha,11.544444,-72.90722199999998,7
2039,Ríohacha,11.544444,-72.90722199999998,9
2040,Ríohacha,11.544444,-72.90722199999998,15
2041,Ríohacha,11.544444,-72.90722199999998,11
2042,Ríohacha,11.544444,-72.90722199999998,19
2043,Ríohacha,11.544444,-72.90722199999998,13
2044,Ríohacha,11.544444,-72.90722199999998,12
2045,Ríohacha,11.544444,-72.90722199999998,33
2046,Ríohacha,11.544444,-72.90722199999998,15
2047,Ríohacha,11.544444,-72.90722199999998,14
2048,Ríohacha,11.544444,-72.90722199999998,8
2049,Florencia,1.614382,-75.606229,29
2050,Florencia,1.614382,-75.606229,33
2051,Florencia,1.614382,-75.606229,18
2052,Florencia,1.614382,-75.606229,39
2053,Florencia,1.614382,-75.606229,27
2054,Florencia,1.614382,-75.606229,41
2055,Florencia,1.614382,-75.606229,19
2056,Florencia,1.614382,-75.606229,23
2057,Florencia,1.614382,-75.606229,17
2058,Florencia,1.614382,-75.606229,15
2059,Florencia,1.614382,-75.606229,13
2060,Florencia,1.614382,-75.606229,30
2061,Florencia,1.614382,-75.606229,26
2062,Florencia,1.614382,-75.606229,13
2063,Florencia,1.614382,-75.606229,10
2064,Florencia,1.614382,-75.606229,12
2065,Florencia,1.614382,-75.606229,21
2066,Florencia,1.614382,-75.606229,9
2067,Florencia,1.614382,-75.606229,15
2068,Florencia,1.614382,-75.606229,32
2069,Florencia,1.614382,-75.606229,19
2070,Florencia,1.614382,-75.606229,15
2071,Florencia,1.614382,-75.606229,11
2072,Florencia,1.614382,-75.606229,11
2073,Florencia,1.614382,-75.606229,10
2074,Florencia,1.614382,-75.606229,16
2075,Florencia,1.614382,-75.606229,19
2076,Florencia,1.614382,-75.606229,10
2077,Florencia,1.614382,-75.606229,18
2078,Florencia,1.614382,-75.606229,13
2079,Florencia,1.614382,-75.606229,6
2080,Florencia,1.614382,-75.606229,19
2081,Florencia,1.614382,-75.606229,44
2082,Florencia,1.614382,-75.606229,6
2083,Florencia,1.614382,-75.606229,12
2084,Florencia,1.614382,-75.606229,6
2085,Florencia,1.614382,-75.606229,10
2086,Florencia,1.614382,-75.606229,10
2087,Quibdó,5.6947220000000005,-76.661111,39
2088,Quibdó,5.6947220000000005,-76.661111,11
2089,Quibdó,5.6947220000000005,-76.661111,41
2090,Quibdó,5.6947220000000005,-76.661111,46
2091,Quibdó,5.6947220000000005,-76.661111,16
2092,Quibdó,5.6947220000000005,-76.661111,16
2093,Arauca,7.0845119999999975,-70.75536600000002,5
2094,Arauca,7.0845119999999975,-70.75536600000002,7
2095,Arauca,7.0845119999999975,-70.75536600000002,5
2096,Arauca,7.0845119999999975,-70.75536600000002,31
2097,Arauca,7.0845119999999975,-70.75536600000002,5
2098,Arauca,7.0845119999999975,-70.75536600000002,9
2099,Arauca,7.0845119999999975,-70.75536600000002,3
2100,Arauca,7.0845119999999975,-70.75536600000002,27
2101,Arauca,7.0845119999999975,-70.75536600000002,14
2102,Arauca,7.0845119999999975,-70.75536600000002,9
2103,Arauca,7.0845119999999975,-70.75536600000002,29
2104,Arauca,7.0845119999999975,-70.75536600000002,8
2105,Arauca,7.0845119999999975,-70.75536600000002,43
2106,Arauca,7.0845119999999975,-70.75536600000002,9
2107,Arauca,7.0845119999999975,-70.75536600000002,23
2108,Arauca,7.0845119999999975,-70.75536600000002,24
2109,Arauca,7.0845119999999975,-70.75536600000002,6
2110,Arauca,7.0845119999999975,-70.75536600000002,7
2111,Arauca,7.0845119999999975,-70.75536600000002,4
2112,Arauca,7.0845119999999975,-70.75536600000002,11
2113,Arauca,7.0845119999999975,-70.75536600000002,11
2114,Arauca,7.0845119999999975,-70.75536600000002,7
2115,Arauca,7.0845119999999975,-70.75536600000002,17
2116,Arauca,7.0845119999999975,-70.75536600000002,25
2117,Arauca,7.0845119999999975,-70.75536600000002,9
2118,Arauca,7.0845119999999975,-70.75536600000002,5
2119,Arauca,7.0845119999999975,-70.75536600000002,13
2120,Arauca,7.0845119999999975,-70.75536600000002,5
2121,Arauca,7.0845119999999975,-70.75536600000002,7
2122,Arauca,7.0845119999999975,-70.75536600000002,10
2123,Arauca,7.0845119999999975,-70.75536600000002,14
2124,Arauca,7.0845119999999975,-70.75536600000002,4
2125,Arauca,7.0845119999999975,-70.75536600000002,18
2126,Arauca,7.0845119999999975,-70.75536600000002,7
2127,Arauca,7.0845119999999975,-70.75536600000002,13
2128,Arauca,7.0845119999999975,-70.75536600000002,11
2129,Arauca,7.0845119999999975,-70.75536600000002,33
2130,Arauca,7.0845119999999975,-70.75536600000002,6
2131,Arauca,7.0845119999999975,-70.75536600000002,9
2132,Arauca,7.0845119999999975,-70.75536600000002,15
2133,Arauca,7.0845119999999975,-70.75536600000002,13
2134,Yopal,5.337752,-72.395859,20
2135,Yopal,5.337752,-72.395859,10
2136,Yopal,5.337752,-72.395859,24
2137,Yopal,5.337752,-72.395859,34
2138,Yopal,5.337752,-72.395859,14
2139,Yopal,5.337752,-72.395859,11
2140,Yopal,5.337752,-72.395859,40
2141,Yopal,5.337752,-72.395859,39
2142,Yopal,5.337752,-72.395859,16
2143,Yopal,5.337752,-72.395859,5
2144,Yopal,5.337752,-72.395859,32
2145,Yopal,5.337752,-72.395859,45
2146,Yopal,5.337752,-72.395859,7
2147,Yopal,5.337752,-72.395859,11
2148,Yopal,5.337752,-72.395859,45
2149,Yopal,5.337752,-72.395859,12
2150,Yopal,5.337752,-72.395859,6
2151,Yopal,5.337752,-72.395859,18
2152,Yopal,5.337752,-72.395859,5
2153,Yopal,5.337752,-72.395859,13
2154,Yopal,5.337752,-72.395859,15
2155,Yopal,5.337752,-72.395859,13
2156,Yopal,5.337752,-72.395859,11
2157,Yopal,5.337752,-72.395859,47
2158,Yopal,5.337752,-72.395859,15
2159,Yopal,5.337752,-72.395859,10
2160,Yopal,5.337752,-72.395859,12
2161,Yopal,5.337752,-72.395859,8
2162,Yopal,5.337752,-72.395859,24
2163,Yopal,5.337752,-72.395859,16
2164,Yopal,5.337752,-72.395859,12
2165,Yopal,5.337752,-72.395859,14
2166,Yopal,5.337752,-72.395859,45
2167,Yopal,5.337752,-72.395859,35
2168,Yopal,5.337752,-72.395859,22
2169,Yopal,5.337752,-72.395859,16
2170,Yopal,5.337752,-72.395859,18
2171,Yopal,5.337752,-72.395859,8
2172,Yopal,5.337752,-72.395859,30
2173,Yopal,5.337752,-72.395859,2
2174,Yopal,5.337752,-72.395859,11
2175,Yopal,5.337752,-72.395859,24
2176,Yopal,5.337752,-72.395859,17
2177,Yopal,5.337752,-72.395859,8
2178,Yopal,5.337752,-72.395859,15
2179,Yopal,5.337752,-72.395859,11
2180,Yopal,5.337752,-72.395859,11
2181,Yopal,5.337752,-72.395859,12
2182,Leticia,-4.215278,-69.940556,43
2183,Leticia,-4.215278,-69.940556,6
2184,Leticia,-4.215278,-69.940556,10
2185,Leticia,-4.215278,-69.940556,5
2186,San Andrés,12.584722,-81.700556,9
2187,San Andrés,12.584722,-81.700556,24
2188,San Andrés,12.584722,-81.700556,19
2189,San José del Guaviare,2.572858,-72.645914,36
2190,San José del Guaviare,2.572858,-72.645914,16
2191,San José del Guaviare,2.572858,-72.645914,46
2192,San José del Guaviare,2.572858,-72.645914,39
2193,San José del Guaviare,2.572858,-72.645914,28
2194,San José del Guaviare,2.572858,-72.645914,28
2195,San José del Guaviare,2.572858,-72.645914,32
2196,San José del Guaviare,2.572858,-72.645914,32
2197,San José del Guaviare,2.572858,-72.645914,29
2198,San José del Guaviare,2.572858,-72.645914,8
2199,San José del Guaviare,2.572858,-72.645914,35
2200,San José del Guaviare,2.572858,-72.645914,34
2201,San José del Guaviare,2.572858,-72.645914,16
2202,San José del Guaviare,2.572858,-72.645914,37
2203,Mocoa,1.149327,-76.64661,29
2204,Mocoa,1.149327,-76.64661,33
2205,Mocoa,1.149327,-76.64661,18
2206,Mocoa,1.149327,-76.64661,39
2207,Mocoa,1.149327,-76.64661,27
2208,Mocoa,1.149327,-76.64661,19
2209,Mocoa,1.149327,-76.64661,23
2210,Mocoa,1.149327,-76.64661,17
2211,Mocoa,1.149327,-76.64661,15
2212,Mocoa,1.149327,-76.64661,13
2213,Mocoa,1.149327,-76.64661,30
2214,Mocoa,1.149327,-76.64661,13
2215,Mocoa,1.149327,-76.64661,10
2216,Mocoa,1.149327,-76.64661,12
2217,Mocoa,1.149327,-76.64661,21
2218,Mocoa,1.149327,-76.64661,15
2219,Mocoa,1.149327,-76.64661,19
2220,Mocoa,1.149327,-76.64661,15
2221,Mocoa,1.149327,-76.64661,42
2222,Mocoa,1.149327,-76.64661,19
2223,Mocoa,1.149327,-76.64661,10
2224,Mocoa,1.149327,-76.64661,18
2225,Mocoa,1.149327,-76.64661,13
2226,Mocoa,1.149327,-76.64661,6
2227,Mocoa,1.149327,-76.64661,19
2228,Mocoa,1.149327,-76.64661,44
2229,Mocoa,1.149327,-76.64661,12
2230,Mocoa,1.149327,-76.64661,6
2231,Puerto Carreño,6.189031,-67.485879,51
2232,Puerto Carreño,6.189031,-67.485879,21
2233,Puerto Carreño,6.189031,-67.485879,49
